player,pos,class,from_school,season,to_school,date_entered
Ryder Hernandez,3B,SR,Incarnate Word,2026,--,2026-06-03
Nolan Kutney,RF,SR,UMBC,2026,--,2026-06-03
Nolan Kutney,RF,SR,UMBC,2026,--,2026-06-03
Mason Snyder,P,JR,Western Carolina,2026,--,2026-06-03
Jack Gibson,P,JR,USC Upstate,2026,--,2026-06-03
Ethan Acevedo,LF,JR,VCU,2026,--,2026-06-03
Jamar Whitehead,C,SO,Coppin State,2026,--,2026-06-03
Noah Bourgeois,P,JR,Southeast Missouri,2026,--,2026-06-03
Nathan Hook,P,JR,USC Upstate,2026,--,2026-06-03
Ryan Alexander,IF,JR,UL Monroe,2026,--,2026-06-03
Nakni Anna,P,JR,USF,2026,--,2026-06-03
Braedon Davis,P,JR,Youngstown State,2026,--,2026-06-03
JT Long,P,JR,Dallas Baptist,2026,--,2026-06-03
Naun Haro,P,SR,Utah Valley,2026,--,2026-06-03
Mario Trivella,SS,JR,Florida International,2026,--,2026-06-03
Trey Reinburg,P,JR,Western Kentucky,2026,--,2026-06-03
Bryce Koch,P,SO,Louisville,2026,--,2026-06-03
Domenico Tozzi,C,SO,Coastal Carolina,2026,--,2026-06-03
Frank Papeo,P,SO,Rider,2026,--,2026-06-03
Jackson Miller,LF,SO,Wake Forest,2026,--,2026-06-03
Koen Barton,P,SO,Hawaii,2026,--,2026-06-03
Brooks Willoughby,P,SO,Southern Miss,2026,--,2026-06-03
Jay Abernathy,CF,SO,Tennessee,2026,--,2026-06-03
Conner Johnson,P,SO,Oral Roberts,2026,--,2026-06-03
Tyler Cripe,2B,FR,Navy,2026,--,2026-06-03
Mason Palermo,C,FR,Oakland,2026,--,2026-06-03
Kiernan O'Neill,IF,FR,UCF,2026,--,2026-06-03
Ian Nguyen,C,JR,Western Kentucky,2026,--,2026-06-03
Koa Won,C,FR,Hawaii,2026,--,2026-06-03
Jadyn Furgason,P,FR,Texas,2026,--,2026-06-03
Boyce Read,DH,FR,VCU,2026,--,2026-06-03
Jack Joyce,P,JR,Coppin State,2026,--,2026-06-03
Tyler Vargas,P,JR,Wagner,2026,--,2026-06-03
Will Page-Allen,P,JR,Fresno State,2026,--,2026-06-02
Westin Boyle,SS,FR,Purdue,2026,--,2026-06-02
Aidan Haynes,P,SR,UL Monroe,2026,--,2026-06-02
Austin Matranga,IF,JR,Grand Canyon,2026,--,2026-06-02
Brody McNiel,P,SO,Missouri State,2026,--,2026-06-02
Keller Eberly,P,JR,Texas State,2026,--,2026-06-02
Nicholas Robb,P,JR,Grand Canyon,2026,--,2026-06-02
Daniel Harden,LF,JR,LSU,2026,--,2026-06-02
Carlos Jacome,2B,JR,East Carolina,2026,--,2026-06-02
Logan Dunn,OF,SO,Missouri State,2026,--,2026-06-02
Max Charles,CF,SO,Grand Canyon,2026,--,2026-06-02
Louis Hill,IF,FR,Oral Roberts,2026,--,2026-06-02
Josh Glaser,P,SO,Texas State,2026,--,2026-06-02
Kade Thompson,C,FR,Texas State,2026,--,2026-06-02
Matt Dworsky,C,JR,Arkansas-Pine Bluff,2026,--,2026-06-02
Charlie Dieruf IV,P,SO,Cincinnati,2026,--,2026-06-02
Luke Saunders,P,SO,Texas State,2026,--,2026-06-02
Chase Frey,P,JR,Grand Canyon,2026,--,2026-06-02
Nate Wochner,P,FR,BYU,2026,--,2026-06-02
Calvin Gregory,P,FR,Oregon State,2026,--,2026-06-02
Wade Cooper,P,FR,Texas State,2026,--,2026-06-02
Alexandre Giguère,C,FR,Washington State,2026,--,2026-06-02
Dillon Anderson,LF,JR,Grand Canyon,2026,--,2026-06-02
Luke Billings,P,FR,Texas A&M,2026,--,2026-06-02
Johnny Escobalez Jr.,RF,FR,Mississippi Valley,2026,--,2026-06-02
Alex Yearwood,P,FR,Texas State,2026,--,2026-06-02
Rowin O'Connor,3B,FR,NJIT,2026,--,2026-06-02
Spencer Warfield,LF,JR,USC Upstate,2026,--,2026-06-02
Keoni Painter,LF,JR,BYU,2026,--,2026-06-02
Colby Thorndyke,1B,JR,Coastal Carolina,2026,--,2026-06-02
Aiden Pavoris,P,SR,Illinois-Chicago,2026,--,2026-06-02
Marco Fuentes,P,SR,Rice,2026,--,2026-06-02
Canon Pierce,IF,JR,UNC Asheville,2026,--,2026-06-02
Ryan Halamicek,P,JR,Southern Illinois,2026,--,2026-06-02
Bradley Coulter,P,SO,Cincinnati,2026,--,2026-06-02
Jackson DiLorenzo,P,JR,East Carolina,2026,--,2026-06-02
Drew Martin,LF,JR,Sacred Heart,2026,--,2026-06-02
Finley Bates,2B,JR,Tennessee,2026,--,2026-06-02
Carson Lane,P,JR,UNLV,2026,--,2026-06-02
Kyle McDaniel,2B,JR,Utah Tech,2026,--,2026-06-02
Marcos Rosales,2B,JR,UNLV,2026,--,2026-06-02
Jonny Rodriguez,1B,JR,UNLV,2026,--,2026-06-02
Nico Garcia,C,SO,Alcorn State,2026,--,2026-06-02
Blake Morningstar,P,JR,Wake Forest,2026,--,2026-06-02
Jose Alfonso,3B,JR,Alabama State,2026,--,2026-06-02
Otis Brooks,P,JR,Alabama State,2026,--,2026-06-02
Alex Monile,LF,JR,Florida A&M,2026,--,2026-06-02
Dillon Jennings,C,JR,Rider,2026,--,2026-06-02
Jackson Alford,CF,SR,Elon,2026,--,2026-06-02
Yariel Rodriguez,SS,JR,Towson,2026,--,2026-06-02
Samuel Jackson,P,JR,New Mexico,2026,--,2026-06-02
Eli Pillsbury,P,SR,Jacksonville State,2026,--,2026-06-02
Brandon Stone,P,JR,South Carolina,2026,--,2026-06-02
Graham Hylton,1B,JR,VCU,2026,--,2026-06-02
Luis Martin Romero,P,JR,Saint Mary's (CA),2026,--,2026-06-02
Ryan Marton,P,JR,UNLV,2026,--,2026-06-02
James Peterson,P,SO,Alabama State,2026,--,2026-06-02
Logan Brock,P,SO,Kennesaw State,2026,--,2026-06-02
Landan Browning,P,SO,Dayton,2026,--,2026-06-02
Michael Fernandez,P,SO,Miami,2026,--,2026-06-02
Jayden Hertel,DH,SO,UNLV,2026,--,2026-06-02
Park Roeder,P,SO,Mississippi Valley,2026,--,2026-06-02
Adrien Mendoza,C,FR,Alabama State,2026,--,2026-06-02
Micah Wells,P,SO,Saint Joseph's,2026,--,2026-06-02
Alex Kelsey,CF,SO,Saint Joseph's,2026,--,2026-06-02
Nick Spaner,DH,SO,Holy Cross,2026,--,2026-06-02
John Mass,P,SO,Boston College,2026,--,2026-06-02
Brock Knoerr,UT,JR,Western Kentucky,2026,--,2026-06-02
Ty Pankonin,P,JR,Prairie View,2026,--,2026-06-02
Darius Henderson,P,SO,Kansas,2026,--,2026-06-02
Dylan Richardson,P,JR,South Dakota State,2026,--,2026-06-02
Brian Guerrero,3B,FR,Albany,2026,--,2026-06-02
Jaxon Clayton,P,FR,BYU,2026,--,2026-06-02
Josh Toole,C,FR,Coastal Carolina,2026,--,2026-06-02
Manny Lantigua,P,FR,Florida State,2026,--,2026-06-02
Caleb Kimble,P,FR,Houston,2026,--,2026-06-02
Caden Cooper,P,FR,Houston,2026,--,2026-06-02
Matthew Steinberg,P,SO,Manhattan,2026,--,2026-06-02
Caden Sramek,P,FR,Oklahoma State,2026,--,2026-06-02
Jeff Meade,P,FR,Radford,2026,--,2026-06-02
Cole Hambly,1B,FR,Siena,2026,--,2026-06-02
David An,P,FR,UT Arlington,2026,--,2026-06-02
Griffin Enis,RF,FR,Virginia,2026,--,2026-06-02
Jackson Roper,IF,FR,Wake Forest,2026,--,2026-06-02
Tyler Wood,P,FR,Wake Forest,2026,--,2026-06-02
Phillip Thigpen,2B,FR,Eastern Michigan,2026,--,2026-06-02
Jacob Campos,LF,FR,Saint Mary's (CA),2026,--,2026-06-02
Hutson Chance,IF-OF,FR,Tennessee,2026,--,2026-06-02
Brendan Horne,LF,FR,VCU,2026,--,2026-06-02
Z'Nichi Steave,UT,FR,La Salle,2026,--,2026-06-02
Diego Ortiz,2B,JR,SIUE,2026,--,2026-06-02
Dawson Neal,P,SR,East Carolina,2026,--,2026-06-02
Calvert Clark,P,JR,Appalachian State,2026,--,2026-06-02
Gavin Hawkes,P,SR,Rider,2026,--,2026-06-02
Julien Peissel,P,JR,NC State,2026,--,2026-06-02
Ben Weber,P,SR,Virginia Tech,2026,--,2026-06-02
Chase Krewson,RF,JR,Rutgers,2026,--,2026-06-02
Quentin Jenkins,2B,JR,Alabama State,2026,--,2026-06-02
EJ Hankerson,OF,JR,Maryland,2026,--,2026-06-02
Raul Valdivia,P,JR,Sacramento State,2026,--,2026-06-02
Cade Fuller,3B,JR,Tennessee Tech,2026,--,2026-06-02
Zacary Tenn,P,JR,Hawaii,2026,--,2026-06-02
Brandon Davis,DH,JR,Georgia State,2026,--,2026-06-02
Tanner Nolan,P,JR,Appalachian State,2026,--,2026-06-02
Blake Sehlke,P,JR,Oakland,2026,--,2026-06-02
Austin Haley,P,JR,Kansas State,2026,--,2026-06-02
Drew Thompson,P,JR,UAB,2026,--,2026-06-02
Kaden Soder,P,JR,Utah,2026,--,2026-06-02
Caleb Pica,P,JR,Lipscomb,2026,--,2026-06-02
Chase Swift,P,SO,Virginia Tech,2026,--,2026-06-02
Keaten Hawk,RF,JR,Alcorn State,2026,--,2026-06-02
Michael Kalinich,C,SO,East Carolina,2026,--,2026-06-02
Connor Mendell,C,SO,Northern Illinois,2026,--,2026-06-02
Felix Ong,P,SO,UNLV,2026,--,2026-06-02
Adam Salazar,3B,SO,CSU Bakersfield,2026,--,2026-06-02
Asafa Jones,RF,FR,Jackson State,2026,--,2026-06-02
Eric Cha,1B,SO,Northeastern,2026,--,2026-06-02
Aiden Harris,3B,SO,Virginia,2026,--,2026-06-02
Jayden Lee,OF,SO,UC San Diego,2026,--,2026-06-02
Hunter Hyatt,P,SO,UAB,2026,--,2026-06-02
Michael Delph,P,SO,Army,2026,--,2026-06-02
Landon Carr,P,JR,NC State,2026,--,2026-06-02
Gavin Flores,P-IF,FR,Creighton,2026,--,2026-06-02
Hudson Hartgrove,IF,FR,Louisiana Tech,2026,--,2026-06-02
Josh Jones,C,JR,McNeese,2026,--,2026-06-02
Karson Trichel,P,FR,Nicholls,2026,--,2026-06-02
Demir Heidelberg,RF,FR,Eastern Michigan,2026,--,2026-06-02
Jordan Treadwell,2B,JR,Coppin State,2026,--,2026-06-02
Trey Packen,P,SR,Manhattan,2026,--,2026-06-02
Hunter Sloop,P,JR,Charlotte,2026,--,2026-06-02
Elijah Underhill,P,JR,Austin Peay,2026,--,2026-06-02
Ty Dagley,P,JR,Lamar,2026,--,2026-06-02
JT Taylor,SS,SO,North Carolina A&T,2026,--,2026-06-02
Elijah Foster,P,JR,South Carolina,2026,--,2026-06-02
Daniel Koppisch,P,JR,Austin Peay,2026,--,2026-06-02
Eli Bridenthal,P,JR,Xavier,2026,--,2026-06-02
Hunter High,1B,JR,Tennessee,2026,--,2026-06-02
Cooper Foster,P,JR,Florida International,2026,--,2026-06-02
Devin Mitchell,RF,JR,NC State,2026,--,2026-06-02
Blade Carver,C,JR,East Carolina,2026,--,2026-06-02
Diego Alfonso-Rivera,RF,JR,Winthrop,2026,--,2026-06-02
Jackson Hiatt,1B,JR,Toledo,2026,--,2026-06-02
David Roberts,P,FR,Saint Mary's (CA),2026,--,2026-06-02
Taylor Kirk,2B,SO,Fordham,2026,--,2026-06-02
Ben McMillan,P,FR,Charleston Southern,2026,--,2026-06-02
Blake Hager,P,SO,Morehead State,2026,--,2026-06-02
Noah Waldeck,P,JR,Saint Mary's (CA),2026,--,2026-06-02
Easton Dean,DH,SO,Sam Houston State,2026,--,2026-06-02
Zak Spurrier,P,SO,Samford,2026,--,2026-06-02
Cameron Williams,P,JR,McNeese,2026,--,2026-06-02
Travis Finney,2B,JR,South Dakota State,2026,--,2026-06-02
Michael Dee,2B,FR,Georgia Tech,2026,--,2026-06-02
Jayden Stroman,P,FR,Virginia,2026,--,2026-06-02
Blake Moore,LF,FR,William & Mary,2026,--,2026-06-02
Aidan Dorsch,P,SO,Youngstown State,2026,--,2026-06-02
Mason Gazaway,CF,FR,Georgia Southern,2026,--,2026-06-02
Cash Williams,OF-C,FR,Tennessee,2026,--,2026-06-02
Sebastian Perez,P,FR,La Salle,2026,--,2026-06-02
Marco Christopher,UT,FR,La Salle,2026,--,2026-06-02
Mikey Bell,3B,JR,Gonzaga,2026,--,2026-06-02
Nathan Tichy,P,SO,Washington,2026,--,2026-06-01
Carson Boesel,P,JR,Washington,2026,--,2026-06-01
Noah Kenney,P,JR,Washington,2026,--,2026-06-01
Ian Draper,DH,FR,Washington,2026,--,2026-06-01
Peyton Robidoux,P,FR,Washington,2026,--,2026-06-01
Nathaniel Pimentel,P,FR,CSU Bakersfield,2026,UC Irvine,2026-06-01
Angelo Aleman,1B,SR,Bradley,2026,--,2026-06-01
DJ Primeaux,P,JR,LSU,2026,--,2026-06-01
Max Kaufer,C,SR,Wichita State,2026,--,2026-06-01
Diego Luzardo,P,JR,Houston,2026,--,2026-06-01
Matt Leahy,SS,JR,Rider,2026,--,2026-06-01
Tre Bryant,IF,FR,California,2026,--,2026-06-01
Blake Sebastian,P,FR,Nebraska,2026,--,2026-06-01
Kale Jensen,DH,JR,Illinois-Chicago,2026,--,2026-06-01
Colin Maloney,P,JR,Rhode Island,2026,--,2026-06-01
Jordan Medellin,P,JR,Arkansas-Pine Bluff,2026,--,2026-06-01
Devin Parks,RF,JR,Radford,2026,--,2026-06-01
Logan Barnett,P,JR,New Mexico,2026,--,2026-06-01
Marcus Galvan,C,JR,Grand Canyon,2026,--,2026-06-01
Troy Sanders,2B,JR,Grand Canyon,2026,--,2026-06-01
Billy Scaldeferri,RF,JR,Grand Canyon,2026,--,2026-06-01
Tyler Macon,1B,SO,Missouri,2026,--,2026-06-01
Steve Solorzano,1B,JR,New Mexico State,2026,--,2026-06-01
Kevin Francella,2B,SO,William & Mary,2026,--,2026-06-01
Nathan Borchardt,DH,JR,Eastern Michigan,2026,--,2026-06-01
Tate Hess,P,JR,Dallas Baptist,2026,--,2026-06-01
Cole Egan,P,JR,Eastern Michigan,2026,--,2026-06-01
Will Lafferty,LF,SO,Winthrop,2026,--,2026-06-01
Zach Wieder,3B,SR,Arkansas-Pine Bluff,2026,--,2026-06-01
Jacob Wingard,P,JR,Alcorn State,2026,--,2026-06-01
Mitchell Johnson,P,JR,Wichita State,2026,--,2026-06-01
Landon Grigg,P,SR,Lamar,2026,--,2026-06-01
Hayden Nazarenus,RF,JR,Western Kentucky,2026,--,2026-06-01
Nick Hockemeyer,CF,JR,Arkansas-Pine Bluff,2026,--,2026-06-01
Nick Weaver,C,JR,Eastern Michigan,2026,--,2026-06-01
Cam Diaz,P,SR,Lamar,2026,--,2026-06-01
Matthew Lashley,SS,JR,East Carolina,2026,--,2026-06-01
Aidan Norris,P,JR,Eastern Michigan,2026,--,2026-06-01
Cade Waibel,P,JR,Baylor,2026,--,2026-06-01
John Carmichael,P,JR,Eastern Michigan,2026,--,2026-06-01
Ian Holm,P,JR,McNeese,2026,--,2026-06-01
Brian Henson,P,JR,Eastern Michigan,2026,--,2026-06-01
John Shuey,IF-OF,SO,Illinois State,2026,--,2026-06-01
Troy McLeese,P,SO,Arkansas-Pine Bluff,2026,--,2026-06-01
Isaiah Padilla,IF,JR,Campbell,2026,--,2026-06-01
Jaxon Appelman,P,SO,Coastal Carolina,2026,--,2026-06-01
Avery Duncan,P,SO,Dallas Baptist,2026,--,2026-06-01
Giovanni Bausone,LF,FR,Hofstra,2026,--,2026-06-01
Luke Teschke,P,FR,Illinois State,2026,--,2026-06-01
Rowen Beattie,OF-C,SO,Le Moyne,2026,--,2026-06-01
Kamden Hawks,P,SO,Morehead State,2026,--,2026-06-01
Cooper Reese,P,FR,New Mexico State,2026,--,2026-06-01
Quin Dufort,P,SO,Portland,2026,--,2026-06-01
Kyle Batt,P,SO,Rider,2026,--,2026-06-01
Talin Gardini,P,SO,Saint Mary's (CA),2026,--,2026-06-01
Diego Emerling,P,FR,Saint Mary's (CA),2026,--,2026-06-01
Lukas Sarantos,P,SO,Saint Mary's (CA),2026,--,2026-06-01
Micah Worley,P,SR,Stony Brook,2026,--,2026-06-01
Trever Baumler,P,SO,TCU,2026,--,2026-06-01
Connor Walsh,IF,SO,Eastern Michigan,2026,--,2026-06-01
Henry Slaby,P,SO,Eastern Michigan,2026,--,2026-06-01
Fischer Hendershot,P,SO,Eastern Michigan,2026,--,2026-06-01
Cal Rutherford,P,SO,Eastern Michigan,2026,--,2026-06-01
Jameson Mullin,1B,SO,Sacramento State,2026,--,2026-06-01
Joey Chitla,IF,FR,William & Mary,2026,--,2026-06-01
Khaleel Pratt,RF,FR,Eastern Kentucky,2026,--,2026-06-01
Brayden Ricketts,DH,FR,Indiana,2026,--,2026-06-01
Tristan Crane,2B,SO,Eastern Michigan,2026,--,2026-06-01
Eric Williams,3B,SO,Mississippi Valley,2026,--,2026-06-01
Sam Miller,LF,SO,Binghamton,2026,--,2026-06-01
Aaron Grant,SS,FR,Arkansas-Pine Bluff,2026,--,2026-06-01
Case Bosch,P,FR,Coastal Carolina,2026,--,2026-06-01
Nathan O'Donnell,P,FR,Minnesota,2026,--,2026-06-01
Carter Kutz,P-IF,FR,Nebraska,2026,--,2026-06-01
Maddox Moreno,P,FR,Pacific,2026,--,2026-06-01
Noah Heath,2B,FR,Rider,2026,--,2026-06-01
Nate Lopez,3B,FR,San Diego State,2026,--,2026-06-01
Matthew Cuccias,P,JR,Wichita State,2026,--,2026-06-01
Matthew Cormier,C,SO,Cal State Northridge,2026,--,2026-06-01
Ryan Oaks,P,FR,Cal State Northridge,2026,--,2026-06-01
Hunter Wallerstein,P,FR,College of Charleston,2026,--,2026-06-01
Tommy Rose,P,FR,Eastern Michigan,2026,--,2026-06-01
Cody Kiemele,P,FR,Grand Canyon,2026,--,2026-06-01
Logan Pruski,SS,JR,Northern Colorado,2026,--,2026-06-01
Evan Hankins,1B,FR,Tennessee,2026,--,2026-06-01
Cole Barnes,P,FR,UNC Greensboro,2026,--,2026-06-01
Charlie Pearce,P,FR,Old Dominion,2026,--,2026-06-01
Brock Lenhardt,P,SO,Mississippi Valley,2026,--,2026-06-01
Carter White,P,JR,Eastern Michigan,2026,--,2026-06-01
Tyree Reed,RF,SR,Jackson State,2026,--,2026-06-01
Will Stark,LF,SO,Texas A&M-Corpus Christi,2026,--,2026-06-01
Jackson Gaspard,P,JR,Mercer,2026,--,2026-06-01
Brant Baughcum,3B,SR,Mercer,2026,--,2026-06-01
Dominic Vassallo,P,JR,Long Island,2026,--,2026-06-01
Vinny Salvione,SS,JR,Bowling Green,2026,--,2026-06-01
Hogan Shelby,P,JR,Long Beach State,2026,--,2026-06-01
Justin Hurd,3B,JR,Albany,2026,--,2026-06-01
Cristien Banda,P,JR,Long Beach State,2026,--,2026-06-01
Delshaun Lanier,DH,JR,UC San Diego,2026,--,2026-06-01
Jaden Noot,P,JR,LSU,2026,--,2026-06-01
Easton Culp,C,JR,Lamar,2026,--,2026-06-01
Luke Baier,C,SR,Abilene Christian,2026,--,2026-06-01
Agyei Quinichett,P,JR,North Carolina A&T,2026,--,2026-06-01
Hayden Simmerson,P,JR,Clemson,2026,--,2026-06-01
Tyler Gebb,P,JR,Long Beach State,2026,--,2026-06-01
Holden Harris,P,SO,UTSA,2026,--,2026-06-01
Ryan Kroepel,3B,JR,Utah Tech,2026,--,2026-06-01
Tate Foxson,P,JR,UNLV,2026,--,2026-06-01
Kanoa Morisaki,C,JR,CSU Bakersfield,2026,--,2026-06-01
Smith Chandler,LF,JR,Long Beach State,2026,--,2026-06-01
Xavier Rios,C,SO,Cal State Northridge,2026,--,2026-06-01
Jehee Lee,C,SO,Cal State Northridge,2026,--,2026-06-01
Brad Grindlinger,P,SO,Long Beach State,2026,--,2026-06-01
Andrew Ildefonso,LF,SO,Florida International,2026,--,2026-06-01
Garrett Ahern,P,JR,Grand Canyon,2026,--,2026-06-01
Carter Groen,RF,SO,La Salle,2026,--,2026-06-01
Sam Silas,1B,JR,Georgia State,2026,--,2026-06-01
Daniel Powell,P,JR,Kennesaw State,2026,--,2026-06-01
Lawrence Elinson,P,JR,Long Island,2026,--,2026-06-01
Colby Barker,P,JR,Merrimack,2026,--,2026-06-01
Jake Kulikowski,LF,JR,USF,2026,--,2026-06-01
Cal Wipf,1B,SO,Pepperdine,2026,--,2026-06-01
Royce Hale,DH,JR,Seattle,2026,--,2026-06-01
Dawson Mock,OF,JR,USF,2026,--,2026-06-01
Jase Evangelista,P,JR,UNLV,2026,--,2026-06-01
Chet Lax,P,JR,Wright State,2026,--,2026-06-01
Alex Brazer,SS,SO,Northern Kentucky,2026,--,2026-06-01
David Alvarez,LF,JR,Eastern Kentucky,2026,--,2026-06-01
Martavius Thomas,RF,JR,Grambling,2026,--,2026-06-01
Hayden Stallings,P,SO,Lamar,2026,--,2026-06-01
Sammy Mummau,SS,SO,Jacksonville,2026,--,2026-06-01
Jacob Gomberg,P,JR,UNLV,2026,--,2026-06-01
Austin Castillo,P,SO,Long Beach State,2026,--,2026-06-01
Nick Williams,P,SO,Long Beach State,2026,--,2026-06-01
Reid Montgomery,RF,SO,Long Beach State,2026,--,2026-06-01
Josh Donegan,P,JR,UNLV,2026,--,2026-06-01
Jake Fields,P,SO,Long Beach State,2026,--,2026-06-01
Miller Green,P,JR,Vanderbilt,2026,--,2026-06-01
Brayden Marx,P,JR,BYU,2026,--,2026-06-01
Charlie Krebs,P,JR,Marshall,2026,--,2026-06-01
Niko Urquidi,P,JR,California Baptist,2026,--,2026-06-01
Carter Murphy,1B,JR,USF,2026,--,2026-06-01
Ariel Antigua,2B,JR,Tennessee,2026,--,2026-06-01
Lucas Morici,P,SR,Georgia,2026,--,2026-06-01
Payton Pudenz,P,SO,CSU Bakersfield,2026,--,2026-06-01
Brayden Pleau,LF,JR,Valparaiso,2026,--,2026-06-01
Colton Lafave,P,JR,San Diego State,2026,--,2026-06-01
Karson Lindsey,P,JR,Florida A&M,2026,--,2026-06-01
Ismael Borrero,P,JR,Mercer,2026,--,2026-06-01
Alejandro Vanegas,P,JR,Incarnate Word,2026,--,2026-06-01
Max Towchik,3B,JR,Texas A&M-Corpus Christi,2026,--,2026-06-01
Gethse Ulloa,P,JR,CSU Bakersfield,2026,--,2026-06-01
Brock Adamson,P,JR,CSU Bakersfield,2026,--,2026-06-01
Landon O'Donnell,P,JR,USF,2026,--,2026-06-01
Cooper Corkrean,P,JR,New Mexico,2026,--,2026-06-01
Ryan Apaliski,P,JR,Pittsburgh,2026,--,2026-06-01
James Wilson,P,JR,Jacksonville State,2026,--,2026-06-01
Gehrig Goldbeck,SS,SR,Missouri,2026,--,2026-06-01
Caleb Dyess,P,JR,Nicholls,2026,--,2026-06-01
Ben Barrow,C,JR,James Madison,2026,--,2026-06-01
Rex Smith,IF,JR,VCU,2026,--,2026-06-01
Logan Simmons,P,JR,Louisiana Tech,2026,--,2026-06-01
Taylor Tomlin,CF,JR,Long Beach State,2026,--,2026-06-01
Carter Freeland,C,JR,New Orleans,2026,--,2026-06-01
Michael Malki,P,SO,California Baptist,2026,--,2026-06-01
Kalen Applefield,RF,SO,California,2026,--,2026-06-01
Gian De Castro,1B,FR,Long Beach State,2026,--,2026-06-01
Jake Yeager,P,SO,Maryland,2026,--,2026-06-01
Yahir Acevedo,RF,JR,CSU Bakersfield,2026,--,2026-06-01
Brady Bouchard,P,SO,Binghamton,2026,--,2026-06-01
Andrew Becker,LF,SO,Cal State Northridge,2026,--,2026-06-01
Colton Boardman,2B,SO,Cal State Northridge,2026,--,2026-06-01
Jackson Banuelos,P,SO,Cal State Northridge,2026,--,2026-06-01
Cole Cleveland,CF,SO,Florida International,2026,--,2026-06-01
Matt DeShiro,2B,SO,Merrimack,2026,--,2026-06-01
Caleb Beals,3B,SO,North Carolina A&T,2026,--,2026-06-01
Coleman Hollabaugh,P-OF,SO,Portland,2026,--,2026-06-01
Callum Young,P,JR,Portland,2026,--,2026-06-01
Cade Gehlen,P-OF,SO,Portland,2026,--,2026-06-01
Frankie Rutigliano,SS,SO,Portland,2026,--,2026-06-01
Peter Crespo,DH,SO,Rider,2026,--,2026-06-01
Hank Gomric,LF,SO,Saint Louis,2026,--,2026-06-01
Jackson Landry,1B,SO,UL Monroe,2026,--,2026-06-01
Hayes Melville,P,SO,UT Arlington,2026,--,2026-06-01
J.J. Thompson,P,SO,Wright State,2026,--,2026-06-01
Matthew Perez,SS,SO,Florida A&M,2026,--,2026-06-01
Trey Craft,C,SO,Florida A&M,2026,--,2026-06-01
Joseph Durso,C,SR,Long Island,2026,--,2026-06-01
Nate Savoie,C,SO,Clemson,2026,--,2026-06-01
AJ Evasco,RF,SO,Kansas State,2026,--,2026-06-01
Jordan Touhey,P,FR,North Alabama,2026,--,2026-06-01
Dimaggio Lonero,IF,FR,North Alabama,2026,--,2026-06-01
Jake Evans,2B,SO,Long Beach State,2026,--,2026-06-01
Luke Taylor,DH,SO,Long Beach State,2026,--,2026-06-01
Ka’imi Kahalekai,P,SO,Long Beach State,2026,--,2026-06-01
Will Taylor,P,SO,Louisiana,2026,--,2026-06-01
Will Hampton,LF,SO,Vanderbilt,2026,--,2026-06-01
Harry Pelzman,P,SO,UC San Diego,2026,--,2026-06-01
Thomas Maher,2B,SO,UC San Diego,2026,--,2026-06-01
Chapman Weber,P,SO,UC San Diego,2026,--,2026-06-01
John Smith,P,SO,Texas Southern,2026,--,2026-06-01
Kanious Davis,3B,SO,Alcorn State,2026,--,2026-06-01
Chris Newstrom,2B,SO,Tennessee,2026,--,2026-06-01
Brayden Krenzel,P,SO,Tennessee,2026,--,2026-06-01
Brant Stewart,1B,SO,Southern,2026,--,2026-06-01
Michael Blaqman,P,FR,Southern,2026,--,2026-06-01
Carson Joyner,P,SO,UL Monroe,2026,--,2026-06-01
Caleb Hoover,LF,SO,South Carolina,2026,--,2026-06-01
Cooper Ashby,P,SO,Wright State,2026,--,2026-06-01
Tyler Kim,P,SO,NJIT,2026,--,2026-06-01
Joey Lorenzini,P,FR,Arkansas,2026,--,2026-06-01
Jacob Imoto,P,SO,Arkansas,2026,--,2026-06-01
Jamir Holloway,3B,FR,Alcorn State,2026,--,2026-06-01
Ethan Zufall,P,FR,BYU,2026,--,2026-06-01
Soren Gregor,P,FR,Binghamton,2026,--,2026-06-01
Casey Leavitt-McGee,IF-OF,JR,CSU Bakersfield,2026,--,2026-06-01
Joe O'Regan,P,JR,CSU Bakersfield,2026,--,2026-06-01
Rex Edwards,P,FR,California,2026,--,2026-06-01
Jackson Norum,RF,FR,California,2026,--,2026-06-01
Doug Crystal,P,JR,Fresno State,2026,--,2026-06-01
Griffin Pomper,C,FR,Jacksonville,2026,--,2026-06-01
Ayden Phillips,P,FR,Jacksonville,2026,--,2026-06-01
Conner Worth,3B,FR,James Madison,2026,--,2026-06-01
Matthew Scott,C,FR,Lamar,2026,--,2026-06-01
Mason Greenhouse,CF,FR,Miami,2026,--,2026-06-01
Ty Kennedy,P,FR,Oklahoma State,2026,--,2026-06-01
Dylan Firmstone,P,FR,Penn State,2026,--,2026-06-01
Eli Baker,P,FR,Radford,2026,--,2026-06-01
Michael Cureton,IF-C,FR,Radford,2026,--,2026-06-01
Kalani Jauregui,P,FR,San Diego State,2026,--,2026-06-01
Carson Moore,IF,FR,San Diego State,2026,--,2026-06-01
Caynen Patterson,C,FR,Southeast Missouri,2026,--,2026-06-01
David Wiser,P,FR,Stanford,2026,--,2026-06-01
Miles Scott,RF,FR,UC Riverside,2026,--,2026-06-01
Chris Harbert,P,JR,UMBC,2026,--,2026-06-01
Declan Francis,P,JR,Western Kentucky,2026,--,2026-06-01
Drew Everingham,P,FR,Western Michigan,2026,--,2026-06-01
Noah Berge,3B,FR,Winthrop,2026,--,2026-06-01
Blaise Czyz,P,FR,Cal State Northridge,2026,--,2026-06-01
Vaughn Coleman,CF,FR,Cal State Northridge,2026,--,2026-06-01
James Voorhies,P,FR,Cal State Northridge,2026,--,2026-06-01
Reef Sharman,P,FR,Cal State Northridge,2026,--,2026-06-01
Davian Carrera,LF,FR,Indiana,2026,--,2026-06-01
Nate Hawton-Henley,CF,FR,Maryland,2026,--,2026-06-01
Alex Cohen,P,JR,Sacramento State,2026,--,2026-06-01
Matthew Major,IF-OF,FR,Tulane,2026,--,2026-06-01
Hogan Nelson,LF,FR,Dallas Baptist,2026,--,2026-06-01
Emilio Rodriguez,P,JR,La Salle,2026,--,2026-06-01
Abe Maurer,C,FR,Gardner-Webb,2026,--,2026-06-01
Evan McRae,RF,JR,Wagner,2026,--,2026-06-01
Jake Wagoner,C,JR,Lamar,2026,Houston,2026-06-01
Hudson Barton,P,SO,Vanderbilt,2026,--,2026-06-01
Carson French,P,SO,Northern Kentucky,2026,--,2026-06-01
Brooks Craigue,SS,JR,Merrimack,2026,--,2026-06-01
Joseph Martin,P,JR,SIUE,2026,--,2026-06-01
Andrew Ressler,P,JR,SIUE,2026,--,2026-06-01
Alex Marot,LF,SO,Charleston Southern,2026,--,2026-06-01
Walker Brodt,P,JR,Winthrop,2026,--,2026-06-01
Griffen Paige,P,JR,Wright State,2026,--,2026-06-01
Ethan Minaker,P,JR,CSU Bakersfield,2026,--,2026-06-01
Nick Falla,P,JR,San Diego State,2026,--,2026-06-01
Ayden Benson,P,JR,Wichita State,2026,--,2026-06-01
Josh Cope,LF,JR,Kent State,2026,--,2026-06-01
Ean Czech,3B,JR,Charleston Southern,2026,--,2026-06-01
Eric De Costa,P,FR,West Georgia,2026,--,2026-06-01
Braxton Davis,P,SO,North Carolina A&T,2026,--,2026-06-01
Gavin Derr,P,SO,Washington State,2026,--,2026-06-01
Chase Sorlie,P,SO,Sacramento State,2026,--,2026-06-01
Peter Caldera,P,SO,Sacramento State,2026,--,2026-06-01
Matt Toomey,RF,SO,Long Beach State,2026,--,2026-06-01
RJ Thomae,P,SO,Valparaiso,2026,--,2026-06-01
Luke Billings,P,SO,Wake Forest,2026,--,2026-06-01
Cal Schembra,1B,FR,Valparaiso,2026,--,2026-06-01
Jacob May,RF,SO,CSU Bakersfield,2026,--,2026-06-01
Trevor Goldenetz,CF,FR,Long Beach State,2026,--,2026-06-01
Jaxon Baker,P,FR,Long Beach State,2026,--,2026-06-01
Luke Howe,P,FR,Long Beach State,2026,--,2026-06-01
Adrian Gonzalez,1B,FR,North Carolina A&T,2026,--,2026-06-01
Luke Sullivan,LF,FR,Radford,2026,--,2026-06-01
Isaiah Kettler,LF,FR,SIUE,2026,--,2026-06-01
Marc Emmerman,2B,FR,San Diego State,2026,--,2026-06-01
Jackson Tyler,OF,FR,San Diego State,2026,--,2026-06-01
Dalton Smith,P,SR,Kansas,2026,--,2026-06-01
Dalton Smith,P,SR,Kansas,2026,--,2026-06-01
Easton Dowell,SS,JR,McNeese,2026,--,2026-06-01
Michael Elko,2B,SR,Richmond,2026,--,2026-06-01
JW Fitzgerald,LF,SR,Sacred Heart,2026,--,2026-06-01
Jason Campo,1B,JR,North Carolina A&T,2026,--,2026-06-01
Dom Jackson,OF,JR,Southeastern Louisiana,2026,--,2026-06-01
Kobe Minchey,P,JR,Tarleton State,2026,--,2026-06-01
Landon Albers,P,SR,Eastern Illinois,2026,--,2026-06-01
Arturo Ormaza,P,JR,Toledo,2026,--,2026-06-01
Joseph Taylor,P,JR,Charlotte,2026,--,2026-06-01
Johnny Sutryk,CF,JR,Charlotte,2026,--,2026-06-01
Jacob McKenzie,C,JR,Southern Illinois,2026,--,2026-06-01
Samuel Round,P,SO,Arizona,2026,--,2026-06-01
Shamaar McDuffie,SS,JR,Kennesaw State,2026,--,2026-06-01
JT Caruso,P,JR,Connecticut,2026,--,2026-06-01
Jace Martinez,2B,JR,Sam Houston State,2026,--,2026-06-01
AJ Guiliana,LF,JR,La Salle,2026,--,2026-06-01
Tanner Recchio,2B,JR,St. Thomas (MN),2026,--,2026-06-01
Owen Bond,RF,JR,St. Thomas (MN),2026,--,2026-06-01
Matthew Jackson,DH,JR,Stony Brook,2026,--,2026-06-01
Logan Wiley,P,JR,Butler,2026,--,2026-06-01
Mayson Dear,P,SO,UNC Greensboro,2026,--,2026-06-01
Dylan Smith,P,JR,UNC Greensboro,2026,--,2026-06-01
Nate Manley,C,JR,Wright State,2026,--,2026-06-01
JP Peltier,LF,JR,Wright State,2026,--,2026-06-01
Hunter Warren,2B,SO,Wright State,2026,--,2026-06-01
Jason Rhodenbaugh,P,JR,Saint Peter's,2026,--,2026-06-01
Keyler Gonzalez,P,JR,Missouri,2026,--,2026-06-01
Edwin Alicea,P,JR,USF,2026,--,2026-06-01
Tucker Holland,P,JR,UNC Greensboro,2026,--,2026-06-01
Ian Regal,P,SO,Butler,2026,--,2026-06-01
Jakob Schulz,P,JR,Vanderbilt,2026,--,2026-06-01
Reid Snider,LF,SO,Louisiana Tech,2026,--,2026-06-01
Jack Bell,3B,JR,TCU,2026,--,2026-06-01
Bryce Dolby,P,JR,Louisiana Tech,2026,--,2026-06-01
Ben Cleary,SS,JR,Santa Clara,2026,--,2026-06-01
Jack Ruditzky,P,JR,Rider,2026,--,2026-06-01
Jackson Reid,CF,JR,Eastern Kentucky,2026,--,2026-06-01
Tariq Freeny,C,JR,New Mexico State,2026,--,2026-06-01
Kenneth Haynes,P,JR,Prairie View,2026,--,2026-06-01
Spencer Pederson,3B,JR,Lindenwood,2026,--,2026-06-01
Brayden Keeter,P,JR,New Mexico State,2026,--,2026-06-01
Jacobie Smith,P,JR,Grambling,2026,--,2026-06-01
Jose Carmona Jr.,C,JR,Loyola Marymount,2026,--,2026-06-01
Easton Ballard,P,JR,Sam Houston State,2026,--,2026-06-01
Brady McAbee,C,JR,Memphis,2026,--,2026-06-01
Fabian Ibarra,P,JR,New Mexico State,2026,--,2026-06-01
Parker Corbin,2B,SO,Maryland,2026,--,2026-06-01
Carter Johnstone,2B,SO,Vanderbilt,2026,--,2026-06-01
Henry Prindl,P,SO,Creighton,2026,--,2026-06-01
Hank Krift,P,SO,Elon,2026,--,2026-06-01
Thomas Burke,P,SO,Georgia Southern,2026,--,2026-06-01
Ryan Johnson,P,SO,Illinois,2026,--,2026-06-01
Brodie Short,C,SO,Lindenwood,2026,--,2026-06-01
Kaiden Takahashi-Trader,P,SO,Longwood,2026,--,2026-06-01
Trey Hawsey,1B,SO,Louisiana Tech,2026,--,2026-06-01
Ethan Judice,P,FR,Louisiana Tech,2026,--,2026-06-01
Samuel Franco,P,SO,Merrimack,2026,--,2026-06-01
Chris Daniels,3B,SO,New Mexico State,2026,--,2026-06-01
Boston Vest,SS,SO,New Mexico State,2026,--,2026-06-01
Matthew Yarc,P,SO,New Mexico State,2026,--,2026-06-01
Cole Rogers,CF,SO,New Mexico State,2026,--,2026-06-01
Jaden Davis,P,SO,New Mexico State,2026,--,2026-06-01
Cade Shumard,P,SO,New Mexico State,2026,--,2026-06-01
Nate Bennett,P,SO,Niagara,2026,--,2026-06-01
Bruce Wyche,RF,SO,North Carolina A&T,2026,--,2026-06-01
Oisin Lee,P,SO,Notre Dame,2026,--,2026-06-01
Zach Paczewski,2B,SO,Radford,2026,--,2026-06-01
Parker Blackman,RF,SO,Sam Houston State,2026,--,2026-06-01
Josh Thompson,2B,SO,Siena,2026,--,2026-06-01
Theo Kim,2B,SO,UC Irvine,2026,--,2026-06-01
Jake Colucci,P,SO,UNC Greensboro,2026,--,2026-06-01
Talan Kelly,P,SO,Utah Tech,2026,--,2026-06-01
Gunner Geile,OF,SO,Arizona,2026,--,2026-06-01
Jackson Forbes,2B,SO,Arizona,2026,--,2026-06-01
Aidan Savona,P,FR,Queens (NC),2026,--,2026-06-01
Barclay Ovalle,LF,FR,Fresno State,2026,--,2026-06-01
Jared Galang,P,SO,Fresno State,2026,--,2026-06-01
Jonathan Dobis,P,SO,Minnesota,2026,--,2026-06-01
Owen Yarussi,P,SO,Old Dominion,2026,--,2026-06-01
Sonnier Moses,2B,SO,Prairie View,2026,--,2026-06-01
Tristan Bristow,P,SO,Vanderbilt,2026,--,2026-06-01
Logan Prisco,P,SO,South Carolina,2026,--,2026-06-01
Chaz McNelis,OF,SO,Arizona,2026,--,2026-06-01
Cayden Ray,P,FR,Valparaiso,2026,--,2026-06-01
Wyatt Shaw,C,FR,Valparaiso,2026,--,2026-06-01
Asa Briggs,P,FR,New Mexico State,2026,--,2026-06-01
Noah Massey,C,FR,New Mexico State,2026,--,2026-06-01
Wyatt Hanoian,2B,FR,Air Force,2026,--,2026-06-01
Kyler Bittner,IF,JR,Fresno State,2026,--,2026-06-01
Ayden Munoz,OF,FR,Fresno State,2026,--,2026-06-01
Brandon Thomas,P,FR,Fresno State,2026,--,2026-06-01
Nathan Jackson,2B,FR,Longwood,2026,--,2026-06-01
Zach DenDekker,P,JR,Loyola Marymount,2026,--,2026-06-01
David Aguirre,IF,FR,Loyola Marymount,2026,--,2026-06-01
Noah Durham,P-OF,FR,Stonehill,2026,--,2026-06-01
Cole Clark,IF,FR,UC Irvine,2026,--,2026-06-01
Terek Verhage,C,FR,St. Thomas (MN),2026,--,2026-06-01
William Pierro,P,FR,St. Thomas (MN),2026,--,2026-06-01
Jin Kasuya,IF,FR,Kennesaw State,2026,--,2026-06-01
Brenton Jackson,SS,FR,Prairie View,2026,--,2026-06-01
Rashaan Chavis II,OF,FR,Prairie View,2026,--,2026-06-01
Levy Da Silva,P,FR,Delaware State,2026,--,2026-06-01
Gavin Parkerson,P,SO,Parkland,2025,--,2026-06-01
Sam Formus,P,SO,Cedarville,2025,--,2026-06-01
Ryker Billingsley,CF,SR,North Alabama,2026,--,2026-06-01
Alonzo Paul Jr.,C,SR,Ohio State,2026,--,2026-06-01
Cowan Alfonso,P,JR,Louisiana,2026,--,2026-06-01
Jarek Podest,P,SR,Stony Brook,2026,--,2026-06-01
Ryan Pittz,P,JR,Albany,2026,--,2026-06-01
Ben Swails,3B,JR,Iowa,2026,--,2026-06-01
Hudson Lee,P,JR,South Carolina,2026,--,2026-06-01
Micah Kendrick,DH,SO,Kansas State,2026,--,2026-06-01
Wesley Jones,P,JR,Charlotte,2026,--,2026-06-01
Brett Davino,2B,SO,Stony Brook,2026,--,2026-06-01
Andrew Duncan,CF,JR,Wright State,2026,--,2026-06-01
Kale Hammer,P,SO,Seattle,2026,--,2026-06-01
Brayden Gilley,P,JR,Winthrop,2026,--,2026-06-01
Joe Connolly,CF,SO,Western Illinois,2026,--,2026-06-01
Blake Bowen,1B,SO,Akron,2026,--,2026-06-01
Ryan McKay,2B,JR,Michigan State,2026,--,2026-06-01
Chris Walsh,1B,JR,Monmouth,2026,--,2026-06-01
Reece Wagner,P,JR,Northern Colorado,2026,--,2026-06-01
Tyrell Williams,P,JR,Presbyterian,2026,--,2026-06-01
Peter Link,CF,JR,Sacred Heart,2026,--,2026-06-01
Blake Brown,2B,JR,Sam Houston State,2026,--,2026-06-01
Noah Kendrick,P,JR,Sam Houston State,2026,--,2026-06-01
Drake Gabel,P,SO,Seattle,2026,--,2026-06-01
Jordan Dahlof,P,JR,Oakland,2026,--,2026-06-01
Owen Lee,SS,SO,Tennessee Tech,2026,--,2026-06-01
Matt Augustin,P,JR,Virginia,2026,--,2026-06-01
Max Fraser,P,JR,Oregon State,2026,--,2026-06-01
Jaylen Hernandez,LF,JR,Winthrop,2026,--,2026-06-01
Mikey Rodriques,P,JR,Youngstown State,2026,--,2026-06-01
Alex Valentin,P,JR,South Carolina,2026,--,2026-06-01
Drew Dawson,P,JR,Charleston Southern,2026,--,2026-06-01
Hunter Shaw,P,JR,Ohio State,2026,--,2026-06-01
Trent Caraway,3B,JR,LSU,2026,--,2026-06-01
Nik Sanders,DH,JR,Campbell,2026,--,2026-06-01
Elijah Griffith,P,JR,Akron,2026,--,2026-06-01
Peyton Huff,P,JR,Sam Houston State,2026,--,2026-06-01
Andrew Middleton,P,JR,West Virginia,2026,--,2026-06-01
Brandon Stephens,P,JR,Coppin State,2026,--,2026-06-01
Bauer Burkart,P,JR,Presbyterian,2026,--,2026-06-01
Seth Farni,OF,JR,Campbell,2026,--,2026-06-01
Jackson McKenzie,DH,JR,Florida A&M,2026,--,2026-06-01
Josh Gunther,P,JR,South Carolina,2026,--,2026-06-01
Jae'dan Carter,LF,JR,Longwood,2026,--,2026-06-01
Vincent Davis,RF,JR,Delaware,2026,--,2026-06-01
Randy Guzman,P,JR,Winthrop,2026,--,2026-06-01
Caden Marcum,P,JR,Ohio State,2026,--,2026-06-01
Breck Romero,C,JR,Western Illinois,2026,--,2026-06-01
Bryson Goff,P,JR,New Orleans,2026,--,2026-06-01
Miles Vandenheuvel,CF,JR,Ohio State,2026,--,2026-06-01
Trip Dovale,P,SR,Charlotte,2026,--,2026-06-01
Gage Handzel,2B,JR,Winthrop,2026,--,2026-06-01
Corbin Payne,P,JR,Charleston Southern,2026,--,2026-06-01
Owen Payne,P,JR,Bellarmine,2026,--,2026-06-01
Casey Culbreth,P,JR,Winthrop,2026,--,2026-06-01
Weston Fulk,DH,JR,Indiana State,2026,--,2026-06-01
Vincent Cowdrey,C,JR,George Mason,2026,--,2026-06-01
Connor Zaruba,P,JR,Sam Houston State,2026,--,2026-06-01
Jayce LaCava,RF,JR,Louisiana,2026,--,2026-06-01
Robert De La Garza,2B,JR,Baylor,2026,--,2026-06-01
MJ Bollinger,P,JR,Texas A&M,2026,--,2026-06-01
Justin Morales,P,JR,Bethune-Cookman,2026,--,2026-06-01
Sam Peterson,P,JR,Arkansas State,2026,--,2026-06-01
Douglas Bauer,P,JR,Ohio State,2026,--,2026-06-01
Jonathan Anders,P,JR,Sam Houston State,2026,--,2026-06-01
Conner Frail,P,JR,College of Charleston,2026,--,2026-06-01
Cristofer Cespedes,P,SO,Maryland,2026,--,2026-06-01
Ryan Bailey,P,SO,Maryland,2026,--,2026-06-01
Kyle Stephens,C,SO,Albany,2026,--,2026-06-01
Tristan Stephenson,P,FR,Charleston Southern,2026,--,2026-06-01
AJ Camp,P,SO,Charlotte,2026,--,2026-06-01
Nate Kugler,P,SO,Dartmouth,2026,--,2026-06-01
Craig Kabat,P,SO,Gonzaga,2026,--,2026-06-01
Tyler Guerin,P,SO,Iowa,2026,--,2026-06-01
Evan Holstein,C,SO,Kennesaw State,2026,--,2026-06-01
Mac Tufts,SS,SO,Longwood,2026,--,2026-06-01
Jake Chadwell,P,SO,Longwood,2026,--,2026-06-01
Ryan Mealy,P,SO,Monmouth,2026,--,2026-06-01
Beau Hollins,1B,SO,South Carolina,2026,--,2026-06-01
KJ Scobey,SS,SO,South Carolina,2026,--,2026-06-01
Riley Goodman,P,FR,South Carolina,2026,--,2026-06-01
Luke Ciminiello,DH,SO,Stony Brook,2026,--,2026-06-01
Josh Gregoire,P,JR,South Carolina,2026,--,2026-06-01
Gabe Natividad,2B,JR,Winthrop,2026,--,2026-06-01
Mason Tompkins,P,SO,Winthrop,2026,--,2026-06-01
Justin Lopez,SS,SO,Florida A&M,2026,--,2026-06-01
Jay Campbell,3B,SO,Florida A&M,2026,--,2026-06-01
Matthew Rollison,3B,SO,Presbyterian,2026,--,2026-06-01
Chandler Murray,1B,FR,Kansas State,2026,--,2026-06-01
Riley Leatherman,P,SO,North Carolina,2026,--,2026-06-01
Samuel Wright,P,SO,Quinnipiac,2026,--,2026-06-01
Nolan Bernard,P,SO,USF,2026,--,2026-06-01
Ryland Howell,P,SO,UNC Asheville,2026,--,2026-06-01
Liam Ebbs,1B,SO,Lafayette,2026,--,2026-06-01
Kaden Kimble,P,SO,Mount St. Mary's,2026,--,2026-06-01
Harrison Bouthillette,C,JR,Missouri State,2026,--,2026-06-01
Adam Baker,P,SO,Charlotte,2026,--,2026-06-01
Steven Cavaco,1B,FR,Ohio State,2026,--,2026-06-01
Lorcan Lee,P,FR,UMass,2026,--,2026-06-01
Adison Mattix,P,JR,Akron,2026,--,2026-06-01
Brady Bowen,2B,FR,Akron,2026,--,2026-06-01
Gabe Mathison,LF,FR,Akron,2026,--,2026-06-01
Trieg Matthews,P,FR,Akron,2026,--,2026-06-01
Jose Mariano,1B,JR,Elon,2026,--,2026-06-01
Cole Moore,P,FR,Iowa,2026,--,2026-06-01
Travis Large,P,FR,Monmouth,2026,--,2026-06-01
Haigen Reed,OF,FR,Nicholls,2026,--,2026-06-01
Grayson Headon,P,FR,Nicholls,2026,--,2026-06-01
Caden Mason,C,JR,Presbyterian,2026,--,2026-06-01
Cole Morgan,P,FR,Presbyterian,2026,--,2026-06-01
Landon Nichols,P,FR,Presbyterian,2026,--,2026-06-01
Will Craddock,1B,FR,South Carolina,2026,--,2026-06-01
Julian Mercado,1B,FR,Stetson,2026,--,2026-06-01
Colin Woolard,P,FR,UNC Asheville,2026,--,2026-06-01
Gabe Graulau,RF,FR,USF,2026,--,2026-06-01
Michael Senay,P,FR,USF,2026,--,2026-06-01
Brock Silvers,RF,FR,USF,2026,--,2026-06-01
Kealo Smith,CF,FR,VMI,2026,--,2026-06-01
George Chevalier,P,FR,VMI,2026,--,2026-06-01
LJ Edwards,OF,FR,Virginia,2026,--,2026-06-01
Ben Schulman,P,FR,Virginia,2026,--,2026-06-01
Anthony Cepeda,CF,JR,Wichita State,2026,--,2026-06-01
Leo Vitarelli,P,FR,Winthrop,2026,--,2026-06-01
Aaron Orozco,C,FR,Charlotte,2026,--,2026-06-01
Brendan Comerford,IF,JR,Gonzaga,2026,--,2026-06-01
Landon Hood,P,FR,Gonzaga,2026,--,2026-06-01
John Petrie,UT,FR,Saint Mary's (CA),2026,--,2026-06-01
Brady Laubscher,P,FR,Saint Mary's (CA),2026,--,2026-06-01
Nick Bertrand,P,FR,VCU,2026,--,2026-06-01
Josh Gibbs,2B,FR,Kennesaw State,2026,--,2026-06-01
Nathan Phillips,P-IF,FR,Mount St. Mary's,2026,--,2026-06-01
Rosnell Lewis,CF,FR,Delaware State,2026,--,2026-06-01
Luke Slack,P,GR,Murray State,2026,--,2026-06-01
PJ Craig,P,SR,Rider,2026,--,2026-06-01
Nick Shuhet,C,JR,Rider,2026,--,2026-06-01
Eliot Medlock,2B,SO,Rider,2026,--,2026-06-01
Charley Magoulick,1B,SO,Rider,2026,--,2026-06-01
Jack Wade,P,JR,Washington,2026,--,2026-05-31
Jackson Hotchkiss,LF,SO,Washington,2026,--,2026-05-31
Tyler Herb,SS,SO,FGCU,2026,Arkansas State,2026-05-31
Ty Dalley,RF,SR,Clemson,2026,--,2026-05-31
Jacob Barrett,P,JR,Southern Indiana,2026,--,2026-05-31
Connor Capece,C,JR,Creighton,2026,--,2026-05-31
Jack Holubowski,DH,JR,Bradley,2026,--,2026-05-31
Tyler Wood,P,JR,UC Davis,2026,--,2026-05-31
Finn Ellis,C,JR,Southern Indiana,2026,--,2026-05-31
Collin Priest,IF,JR,Clemson,2026,--,2026-05-31
Devyn McEachron,2B,JR,Mercer,2026,--,2026-05-31
Jaxon Schumacher,C,JR,Bradley,2026,--,2026-05-31
Davis Webb,P,JR,Bradley,2026,--,2026-05-31
Matt Hanneman,IF-OF,JR,Bradley,2026,--,2026-05-31
Alex McCranie,2B,JR,Toledo,2026,--,2026-05-31
Carson Bittner,2B,JR,Eastern Kentucky,2026,--,2026-05-31
River Lindsey,DH,JR,Bradley,2026,--,2026-05-31
Anthony Scarpino,P,JR,Eastern Kentucky,2026,--,2026-05-31
Anthony Martinez,1B,JR,Bradley,2026,--,2026-05-31
Brady Appel,P,JR,Bradley,2026,--,2026-05-31
Sohrab Rezaei,SS,JR,Bradley,2026,--,2026-05-31
Reid Howard,SS,SO,Western Kentucky,2026,--,2026-05-31
Talan Bell,P,SO,Clemson,2026,--,2026-05-31
Bryce Clavon,CF,SO,Clemson,2026,--,2026-05-31
Tristan Duke,P,SR,Bradley,2026,--,2026-05-31
Colin McCormick,DH,SO,Bradley,2026,--,2026-05-31
Tanner Kern,DH,FR,San Diego,2026,--,2026-05-31
Houston Hirschkorn,1B,SO,UC Davis,2026,--,2026-05-31
Mavrick Rizy,P,SO,LSU,2026,--,2026-05-31
Josh Vaughn,P,SO,Bradley,2026,--,2026-05-31
Colin Basehore,LF,JR,Manhattan,2026,--,2026-05-31
Jack Moore,P,FR,Long Island,2026,--,2026-05-31
Ryne Michaeloff,P,FR,Southern Indiana,2026,--,2026-05-31
Dillon Adkins,RF,FR,Austin Peay,2026,--,2026-05-31
Peyton Miller,P,FR,Clemson,2026,--,2026-05-31
Kamden McAlpin,OF,FR,Eastern Kentucky,2026,--,2026-05-31
Garrett Theile,P,SO,Manhattan,2026,--,2026-05-31
Devin Costa,P,JR,Morehead State,2026,--,2026-05-31
Cal Leighton,C,FR,Bradley,2026,--,2026-05-31
Ryan Schaffnit,P,FR,Bradley,2026,--,2026-05-31
Mason Lee,P,FR,Bradley,2026,--,2026-05-31
Diego Menjivar,P,SR,Bradley,2026,--,2026-05-31
Tyler Wiltsey,LF,FR,Rutgers,2026,--,2026-05-31
Dylan Izenman,P,SO,Mount St. Mary's,2026,--,2026-05-31
Logan Duffy,RF,JR,UL Monroe,2026,--,2026-05-31
Reece Clapp,P,GR,Illinois State,2026,--,2026-05-31
Greyson Shafer,RF,SR,Nicholls,2026,--,2026-05-31
Zeb Allen,LF,JR,Central Arkansas,2026,--,2026-05-31
Kyle Peters,P,SO,Connecticut,2026,--,2026-05-31
Javier Gorostola,3B,SO,FGCU,2026,--,2026-05-31
Chris Diaz,P,JR,FGCU,2026,--,2026-05-31
Keenan Mork,P,JR,FGCU,2026,--,2026-05-31
Graham Mastros,2B,JR,Illinois State,2026,--,2026-05-31
Michael Iannazzo,DH,SO,Maryland,2026,--,2026-05-31
Keegan O'Hearn,P,SO,Michigan,2026,--,2026-05-31
Kyle Manship,P,JR,Illinois State,2026,--,2026-05-31
Jamie Palmese,CF,JR,East Tennessee State,2026,--,2026-05-31
Andrew Koshy,P,JR,Maryland,2026,--,2026-05-31
Jake Lopez,LF,JR,Seton Hall,2026,--,2026-05-31
Sam Parker,1B,JR,Missouri,2026,--,2026-05-31
Carter Woollums,P,JR,Illinois State,2026,--,2026-05-31
Eli Tidwell,CF,JR,New Orleans,2026,--,2026-05-31
Keegan Giger,2B,JR,Nicholls,2026,--,2026-05-31
Nico Rijo-Berger,DH,JR,Nicholls,2026,--,2026-05-31
Jackson Hulcher,P,JR,Delaware,2026,--,2026-05-31
Wilfred Gonzalez,SS,JR,FGCU,2026,--,2026-05-31
Stetson Callaway,P,JR,FGCU,2026,--,2026-05-31
Josh Wulfert,RF,SO,Wichita State,2026,--,2026-05-31
Logan Hastings,P,SO,Maryland,2026,--,2026-05-31
Sal Mineo,CF,SO,Delaware,2026,--,2026-05-31
Luke Lorence,P,SO,Central Arkansas,2026,--,2026-05-31
Sam Winsett,3B,SO,Delaware,2026,--,2026-05-31
Mason McCue,DH,SO,Evansville,2026,--,2026-05-31
RJ James,P,SO,Evansville,2026,--,2026-05-31
Jon Embury,C,SO,FGCU,2026,--,2026-05-31
Layne Akers,DH,FR,Middle Tennessee,2026,--,2026-05-31
Andrew Hill,3B,SO,East Tennessee State,2026,--,2026-05-31
Jack Berg,P,JR,Hawaii,2026,--,2026-05-31
Chris Patterson,3B,SO,Missouri,2026,--,2026-05-31
Tommy Manzo,SS,SO,Seton Hall,2026,--,2026-05-31
Matthew VanOstenbridge,P,SO,Penn State,2026,--,2026-05-31
Rory Finn,P-IF,SO,Delaware,2026,--,2026-05-31
Jake Pollaro,P,SO,Delaware,2026,--,2026-05-31
Dean Winters,P,SO,Gardner-Webb,2026,--,2026-05-31
Jaden Rose,IF-OF,SO,FGCU,2026,--,2026-05-31
Patrick Fernandez,P,JR,Central Arkansas,2026,--,2026-05-31
Luke Guire,IF,FR,Delaware,2026,--,2026-05-31
Joaquin Rodriguez-Costa,IF,FR,Delaware,2026,--,2026-05-31
Will Shaheen,IF,FR,Duke,2026,--,2026-05-31
Liam Thatcher,P,JR,East Tennessee State,2026,--,2026-05-31
Andrew Sheffield,LF,FR,FGCU,2026,--,2026-05-31
Ryan Thompson,P,FR,FGCU,2026,--,2026-05-31
Cole Lasher,LF,FR,FGCU,2026,--,2026-05-31
Mason Hudson,P,FR,FGCU,2026,--,2026-05-31
Juan Santos,C,FR,FGCU,2026,--,2026-05-31
Hunter Stencil,C,JR,Illinois State,2026,--,2026-05-31
Carter Sellers,P,FR,Illinois State,2026,--,2026-05-31
Blake Ilitch,P,FR,Ole Miss,2026,--,2026-05-31
Dean Hannah,DH,FR,UL Monroe,2026,--,2026-05-31
Blake Eckerle,DH,FR,Utah,2026,--,2026-05-31
MJ Sweeney,1B,JR,Wichita State,2026,--,2026-05-31
Josh Martin,1B,JR,Hawaii,2026,--,2026-05-31
Kadin Muckley,P,JR,Missouri,2026,--,2026-05-31
Todd Feurtado III,P,FR,Missouri,2026,--,2026-05-31
Cole McKenna,SS,FR,Old Dominion,2026,--,2026-05-31
Noah Samol,P,JR,Clemson,2026,--,2026-05-31
Jay Dillard,2B,GR,Clemson,2026,--,2026-05-31
Connor Udland,P,FR,Houston,2026,--,2026-05-31
Nick Quagliato,C,SO,Fairleigh Dickinson,2026,--,2026-05-30
Tyler Howard,RF,JR,UC Davis,2026,--,2026-05-30
Jakob Foster,P,JR,Mount St. Mary's,2026,--,2026-05-30
Ty Fredo,3B,JR,Mount St. Mary's,2026,--,2026-05-30
Joey Bruno,2B,JR,St. Bonaventure,2026,--,2026-05-30
Eli Gries-Smith,CF,SR,Oregon State,2026,--,2026-05-30
Luca Perriello,C,SO,Mercer,2026,--,2026-05-30
Braydon Kersey,DH,SO,Mercer,2026,--,2026-05-30
Nolan Traeger,C,SO,TCU,2026,--,2026-05-30
Logan Darnell,P,SO,Mississippi Valley,2026,--,2026-05-30
Sam Dinitz,SS,SO,Mount St. Mary's,2026,--,2026-05-30
Serigne Sarre,P,SO,Mount St. Mary's,2026,--,2026-05-30
Cameron Biller,1B,SO,Mount St. Mary's,2026,--,2026-05-30
Eli DeRossi,P,JR,Mount St. Mary's,2026,--,2026-05-30
Jack Pezzolo,P,FR,UC Davis,2026,--,2026-05-30
Trey James,P,FR,Wofford,2026,--,2026-05-30
Logan Rembish,P-IF,FR,Wofford,2026,--,2026-05-30
Cody Leming,SS,JR,Mississippi Valley,2026,--,2026-05-30
Myles Monell,IF,FR,Mount St. Mary's,2026,--,2026-05-30
Aidan Autovino,OF,FR,Mount St. Mary's,2026,--,2026-05-30
Nate Wiles,SS,FR,Mount St. Mary's,2026,--,2026-05-30
Evan Reese,P,SO,Mount St. Mary's,2026,--,2026-05-30
Freddy Beruvides Jr.,P,JR,Pittsburgh,2026,--,2026-05-30
Michael Savarese,P,JR,Pittsburgh,2026,--,2026-05-30
Sean Yamaguchi,3B,SO,Nevada,2026,--,2026-05-30
Bryce Brannon,P,SO,Duke,2026,--,2026-05-30
Cooper Moss,P,FR,Florida,2026,--,2026-05-30
Jake Parham,IF,FR,UNC Asheville,2026,--,2026-05-30
Matt Murchison,OF,FR,UNC Wilmington,2026,--,2026-05-30
Jack Quick,RF,JR,Wichita State,2026,--,2026-05-30
Derek Valdez,P,JR,Hawaii,2026,--,2026-05-30
Enrico Carrion,C,FR,Incarnate Word,2026,--,2026-05-30
Isaac Wachsmann,CF,SO,Creighton,2026,--,2026-05-30
Chase Keen,P,SO,Ohio,2026,--,2026-05-30
Linkin Garcia,3B,FR,Texas Tech,2026,Texas,2026-05-29
Davis Rivers,DH,JR,Texas Tech,2026,UL Monroe,2026-05-29
Connor Berman,2B,FR,Davidson,2026,--,2026-05-29
Matthew Molina,P,JR,Texas A&M-Corpus Christi,2026,--,2026-05-29
Pauly Mancino,CF,JR,Bowling Green,2026,--,2026-05-29
Jack Kirchner,P,SO,Rutgers,2026,--,2026-05-29
Bryce Stockton,P,JR,Sacramento State,2026,--,2026-05-29
Joseph Steventon,P,SO,Wagner,2026,--,2026-05-29
Jacob Haley,P,JR,South Alabama,2026,--,2026-05-29
Cam Allen,P,JR,Wright State,2026,--,2026-05-29
Grant Jordan,SS,JR,Georgia Southern,2026,--,2026-05-29
Jansen Kenty,P,SO,Georgia Southern,2026,--,2026-05-29
Kendall Dove,P,JR,UTSA,2026,--,2026-05-29
Alberto Santos IV,P,SO,Texas A&M-Corpus Christi,2026,--,2026-05-29
Enger Paulino,P,JR,St. Bonaventure,2026,--,2026-05-29
Jace Kirby,P,JR,Southern Illinois,2026,--,2026-05-29
Dawson Harman,3B,JR,South Carolina,2026,--,2026-05-29
Niklas Pavia,P,JR,Dayton,2026,--,2026-05-29
Ayden Hadley,C,JR,Sacramento State,2026,--,2026-05-29
Jaxon Diamond,1B,JR,Murray State,2026,--,2026-05-29
Michael McAloose,3B,JR,Northwestern State,2026,--,2026-05-29
MD Conner,1B,JR,South Alabama,2026,--,2026-05-29
Hunter Azemar,C,JR,Texas A&M-Corpus Christi,2026,--,2026-05-29
Alex Willey,P,SO,Western Illinois,2026,--,2026-05-29
Anthony Fernandez,CF,JR,St. Bonaventure,2026,--,2026-05-29
Julio Guerrero,CF,JR,Southern Illinois,2026,--,2026-05-29
Trey O'Neil,P,JR,Southern Indiana,2026,--,2026-05-29
Nolan Feidt,P,JR,St. Bonaventure,2026,--,2026-05-29
Preston Watkins,P,JR,Texas A&M-Corpus Christi,2026,--,2026-05-29
Chris Ramirez,SS,SO,California Baptist,2026,--,2026-05-29
Sam Burgess,P,SO,California Baptist,2026,--,2026-05-29
Jack Frankel,P,SO,Tulane,2026,--,2026-05-29
Matt Boffalo,P,FR,Canisius,2026,--,2026-05-29
Jonathan Holt,IF,SO,Notre Dame,2026,--,2026-05-29
Chase Van Ameyde,P,SO,Notre Dame,2026,--,2026-05-29
Zach Russell,P,SO,South Carolina,2026,--,2026-05-29
Gavin Braland,C,SO,South Carolina,2026,--,2026-05-29
Tyler Phenow,P,SO,TCU,2026,--,2026-05-29
Jason Wachs,RF,SO,Tulane,2026,--,2026-05-29
Easton Miller,P,SO,Air Force,2026,--,2026-05-29
Owen Faust,2B,SO,Fresno State,2026,--,2026-05-29
Wyatt Thornbury,P,JR,Fresno State,2026,--,2026-05-29
Bradley Ferrell,P,SO,Georgia Southern,2026,--,2026-05-29
Evan Chadwick,C,JR,Texas A&M-Corpus Christi,2026,--,2026-05-29
Mason Jacob,3B,SO,UTSA,2026,--,2026-05-29
Matthew Evans,LF,JR,Texas A&M-Corpus Christi,2026,--,2026-05-29
Josh Arquette,3B,SO,UTSA,2026,--,2026-05-29
Holden Wade,P,JR,Georgia Southern,2026,--,2026-05-29
Mason Pickering,C,FR,Austin Peay,2026,--,2026-05-29
Jake Cagna,3B,FR,Canisius,2026,--,2026-05-29
Ryan Pettograsso,P,FR,Canisius,2026,--,2026-05-29
Sam McKay,P,FR,Canisius,2026,--,2026-05-29
Evan Stratton,P,JR,Creighton,2026,--,2026-05-29
Tristan Moore,P,FR,Minnesota,2026,--,2026-05-29
Brody Trosclair,P,FR,Northwestern State,2026,--,2026-05-29
Dylan Passo,1B,FR,Notre Dame,2026,--,2026-05-29
Dom Ruggiero,P,FR,Richmond,2026,--,2026-05-29
Thomas Gonzales,P,FR,San Francisco,2026,--,2026-05-29
Patrick Dudley,P,FR,South Carolina,2026,--,2026-05-29
Brady Christman,DH,FR,Georgia Southern,2026,--,2026-05-29
Bennett Edwards,C,FR,Georgia Southern,2026,--,2026-05-29
Dixon Adams,P,FR,Georgia Southern,2026,--,2026-05-29
Chance Sobbry,IF,FR,Georgia Southern,2026,--,2026-05-29
Ethan Garrett,P,FR,Georgia Southern,2026,--,2026-05-29
Kade Kisz,3B,FR,Georgia Southern,2026,--,2026-05-29
M.J. Wright,RF,FR,Lafayette,2026,--,2026-05-29
CJ Mascaro,OF,FR,TCU,2026,--,2026-05-29
Brady Dallimore,C,FR,TCU,2026,--,2026-05-29
Will Hill,OF,FR,Texas,2026,--,2026-05-29
Cole Berge,IF,FR,Tulane,2026,--,2026-05-29
Bronson Lange,P,FR,Texas A&M-Corpus Christi,2026,--,2026-05-29
Chris Couser,P,FR,Wagner,2026,--,2026-05-29
Kenny McKinley,RF,JR,Middle Tennessee,2026,--,2026-05-29
Jayden Dillard,P,JR,Tennessee Tech,2026,--,2026-05-29
Owen Pincince,P,SR,Siena,2026,--,2026-05-29
OJ Gonzalez,P,SO,Abilene Christian,2026,--,2026-05-29
Alessandro Castro,P,JR,Nevada,2026,--,2026-05-29
Jake Brown,P,JR,Central Michigan,2026,--,2026-05-29
Tristan Russell,2B,SO,New Mexico,2026,--,2026-05-29
Campbell Cassidy,P,JR,Merrimack,2026,--,2026-05-29
Brett Rogers,RF,SO,Middle Tennessee,2026,--,2026-05-29
Kayden Faulcon,P,JR,Pittsburgh,2026,--,2026-05-29
Matt Manley,P,JR,Gardner-Webb,2026,--,2026-05-29
Carter White,CF,SO,North Florida,2026,--,2026-05-29
Miller Durham,1B,JR,Utah Tech,2026,--,2026-05-29
Matthew Farner,SS,JR,North Florida,2026,--,2026-05-29
Peyton Jemison,2B,JR,Connecticut,2026,--,2026-05-29
Toby Hueber,3B,JR,George Mason,2026,--,2026-05-29
Michael Rodriguez,RF,SO,Bethune-Cookman,2026,--,2026-05-29
Dylan Biddick,LF,JR,New Orleans,2026,--,2026-05-29
Cooper Clapp,2B,JR,Middle Tennessee,2026,--,2026-05-29
Abel Albarran,P,JR,Middle Tennessee,2026,--,2026-05-29
Ty Galusky,C,JR,East Tennessee State,2026,--,2026-05-29
Luke Orfi,SS,JR,Texas Tech,2026,--,2026-05-29
Daniel Smith,CF,JR,Gardner-Webb,2026,--,2026-05-29
Sammy Seplowe,P,JR,Bethune-Cookman,2026,--,2026-05-29
Logan Wirt,P,SR,Bethune-Cookman,2026,--,2026-05-29
Zach Bates,P,JR,Illinois,2026,--,2026-05-29
Parker Price,RF,JR,Memphis,2026,--,2026-05-29
Jose Fernandez,DH,JR,Bethune-Cookman,2026,--,2026-05-29
Hollis Porter,DH,JR,Texas Tech,2026,--,2026-05-29
Nikolas Miller,P,SR,Nevada,2026,--,2026-05-29
Jesus Vanegas,IF,SR,Bethune-Cookman,2026,--,2026-05-29
Matthew Porchas,P,SO,Middle Tennessee,2026,--,2026-05-29
Collin Adams,P,JR,Abilene Christian,2026,--,2026-05-29
Josh Martinez,C,FR,UNC Wilmington,2026,--,2026-05-29
JD Crisp,CF,SO,Xavier,2026,--,2026-05-29
Anthony Belisario,CF,SO,Connecticut,2026,--,2026-05-29
Luke Weber,P,SO,Illinois,2026,--,2026-05-29
Calvin Cook,2B,FR,Middle Tennessee,2026,--,2026-05-29
Ty Velardo,1B,SO,North Florida,2026,--,2026-05-29
Ryder Manale,LF,SO,Seattle,2026,--,2026-05-29
Landon Smelser,CF,SO,Tennessee Tech,2026,--,2026-05-29
Payton Dixon,P,SO,Nevada,2026,--,2026-05-29
Jake Souders,RF,SO,Samford,2026,--,2026-05-29
Nico Rodriguez,2B,FR,Wichita State,2026,--,2026-05-29
Adam Merritt,P,SO,UMass,2026,--,2026-05-29
Michael Madigan,P,SO,George Mason,2026,--,2026-05-29
Rivers Johnson,P,FR,Marshall,2026,--,2026-05-29
Matthew Kouser,P,SO,Northwestern,2026,--,2026-05-29
Masai Marshall,OF,SO,Northwestern,2026,--,2026-05-29
Harrison Lollin,P,SO,Penn State,2026,--,2026-05-29
Jean Carlos Chicano,2B,FR,Bethune-Cookman,2026,--,2026-05-29
Tanner Schaedel,DH,SO,Old Dominion,2026,--,2026-05-29
Brody Connors,3B,SO,Old Dominion,2026,--,2026-05-29
Will Orberson,P,SO,Old Dominion,2026,--,2026-05-29
Jayce Park,P,SO,Old Dominion,2026,--,2026-05-29
Cole Lanford,P,SO,Old Dominion,2026,--,2026-05-29
Bryson Thacker,P,SO,West Virginia,2026,--,2026-05-29
Brayden Mazzacano,CF,SO,Illinois,2026,--,2026-05-29
Andres Castro,P,SO,Nevada,2026,--,2026-05-29
Eamon McDermott,P,FR,Duke,2026,--,2026-05-29
Miles Fontaine,IF,FR,Maine,2026,--,2026-05-29
Hayden Schimoler,IF,FR,Maine,2026,--,2026-05-29
Hayden Neihoff,P,FR,Marist,2026,--,2026-05-29
Jimmy Gray,C,FR,Penn State,2026,--,2026-05-29
Andrew Banda,P,JR,Saint Louis,2026,--,2026-05-29
Kolby Jarman,P,FR,UNC Wilmington,2026,--,2026-05-29
Ty Kaunas,SS,FR,Maryland,2026,--,2026-05-29
Jonathan Acosta,3B,FR,North Florida,2026,--,2026-05-29
Austin O'Hara,C,FR,George Mason,2026,--,2026-05-29
Bennett Siegel,DH,FR,Old Dominion,2026,--,2026-05-29
JJ Hand,C,FR,Old Dominion,2026,--,2026-05-29
Brandon Candelora,P,FR,Central Connecticut,2026,--,2026-05-29
Trevor Schmidt,DH,JR,Grand Canyon,2026,--,2026-05-29
Seth Edgerton,P,JR,New Mexico,2026,--,2026-05-29
Kai Yovanovich,P,GR,San Francisco,2026,--,2026-05-29
Maddox Meyer,P,SO,Omaha,2026,--,2026-05-29
Luca Reyes,LF,SO,Florida International,2026,--,2026-05-29
Connor Gibour,OF,FR,Ohio,2026,--,2026-05-29
Colton Landtiser,P,FR,Ohio,2026,--,2026-05-29
Halen Jaden Acuna Guerrero,P,JR,UC Riverside,2026,--,2026-05-29
Alex Alberico,P,JR,Kent State,2026,--,2026-05-29
Dimond Loosli,P,SR,Penn State,2026,--,2026-05-29
Drew Johnson,1B,SO,Washington,2026,--,2026-05-28
Jet Jones,C,FR,Utah Valley,2026,--,2026-05-28
Colin Gallagher,C-IF,FR,Hofstra,2026,--,2026-05-28
Easton Romero,C,JR,Murray State,2026,--,2026-05-28
Brody Langlotz,RF,SO,Belmont,2026,--,2026-05-28
Bryce Hendricks,P,JR,South Alabama,2026,--,2026-05-28
Tyler Butina,DH,SO,Murray State,2026,--,2026-05-28
Ryland Bozenhard,P,JR,South Alabama,2026,--,2026-05-28
Joe Sabbath,P,JR,Rhode Island,2026,--,2026-05-28
Ethan Melton,CF,JR,South Alabama,2026,--,2026-05-28
Jaxon Shineflew,P,JR,South Alabama,2026,--,2026-05-28
Adan Longoria,P,JR,Kansas State,2026,--,2026-05-28
John Hojnowski,P,JR,Toledo,2026,--,2026-05-28
Houston Wills,P,JR,Campbell,2026,--,2026-05-28
Brady Grabowski,RF,SO,Murray State,2026,--,2026-05-28
Danny Perez,C,SO,Stetson,2026,--,2026-05-28
Tyler Albanese,P,JR,San Jose State,2026,--,2026-05-28
Joey Calabretti,LF,JR,St. Bonaventure,2026,--,2026-05-28
Logan Borboa,P,JR,Northern Colorado,2026,--,2026-05-28
Bryce Chambers,P,SR,Washington State,2026,--,2026-05-28
Josh Fleming,P,JR,Murray State,2026,--,2026-05-28
Jackson Smith,P,JR,Southern Illinois,2026,--,2026-05-28
Kevin Hilton,IF,SO,West Georgia,2026,--,2026-05-28
Brady Bickett,P,JR,Charleston Southern,2026,--,2026-05-28
Lane Arroyos,1B,JR,Western Kentucky,2026,--,2026-05-28
Nick Staszak,P,JR,Mercer,2026,--,2026-05-28
Nolan Hand,P,JR,Southern Illinois,2026,--,2026-05-28
Elijah Palmer,OF,JR,St. Bonaventure,2026,--,2026-05-28
Braden Curry,P,SO,Toledo,2026,--,2026-05-28
Kayden Althoff,P,JR,Charleston Southern,2026,--,2026-05-28
Michael D'Ambrosio,P,SO,Hofstra,2026,--,2026-05-28
Dayton Murphy,SS,SO,Michigan State,2026,--,2026-05-28
Bino Watters,LF,SO,Notre Dame,2026,--,2026-05-28
Fernando Palencia,P,SO,San Diego,2026,--,2026-05-28
Andrew Lepine,P,SO,Stetson,2026,--,2026-05-28
Brady Picarelli,DH,SO,South Alabama,2026,--,2026-05-28
David Martin,P,FR,Samford,2026,--,2026-05-28
Tyler Holland,IF,FR,Arkansas,2026,--,2026-05-28
Ryan De La Maza,LF,FR,Fresno State,2026,--,2026-05-28
Xavier Farnum,C,SO,Southern Illinois,2026,--,2026-05-28
Cayden Mitchell,IF,FR,Arkansas,2026,--,2026-05-28
Zach Plasschaert,1B,SO,Fresno State,2026,--,2026-05-28
McCoy Fulk,IF,FR,Campbell,2026,--,2026-05-28
Drew Brown,P,SO,Charleston Southern,2026,--,2026-05-28
Max McClellan,P,FR,Creighton,2026,--,2026-05-28
Quinlan Keefe,IF,SO,Manhattan,2026,--,2026-05-28
Garrett Snyder,P,FR,Notre Dame,2026,--,2026-05-28
Levi Sotomayor,DH,JR,Pacific,2026,--,2026-05-28
Tripp Woytowicz,P,FR,Richmond,2026,--,2026-05-28
Braden Rosenthal,1B,FR,Samford,2026,--,2026-05-28
Braden Wellen,P,JR,San Francisco,2026,--,2026-05-28
Garrett Johnston,P,JR,San Francisco,2026,--,2026-05-28
Cole Dean,CF,FR,South Alabama,2026,--,2026-05-28
Mathew Rios,P,FR,South Alabama,2026,--,2026-05-28
Evan Cabral,P-IF,FR,Stony Brook,2026,--,2026-05-28
Jacob Golson,P,FR,Western Illinois,2026,--,2026-05-28
Andrew Jacobs Jr.,P,FR,Arizona,2026,--,2026-05-28
Mac Dawsey,C,FR,Northern Colorado,2026,--,2026-05-28
Jae Williams,RF,JR,Georgia State,2026,--,2026-05-28
Chayton Fischer,C,JR,UTRGV,2026,--,2026-05-28
Sean Finn,P,JR,Connecticut,2026,--,2026-05-28
Tyler Minick,DH,JR,Connecticut,2026,--,2026-05-28
Kaden Peer,CF,JR,Missouri,2026,--,2026-05-28
Tommy Landsnes,LF,JR,Ball State,2026,--,2026-05-28
Gene Trujillo,1B,JR,New Mexico,2026,--,2026-05-28
Riley Iffrig,1B,JR,Saint Louis,2026,--,2026-05-28
Gabe Pitts,CF,SO,Central Connecticut,2026,--,2026-05-28
Tanner Short,P-OF,SR,Nevada,2026,--,2026-05-28
Matthew Jenkins,P,JR,Florida,2026,--,2026-05-28
Cade Hitson,RF,JR,Memphis,2026,--,2026-05-28
Jake Morgan,C,SO,Maryland,2026,--,2026-05-28
Wills Maginnis,3B,SO,Georgia State,2026,--,2026-05-28
John Beverley,CF,SO,Georgia State,2026,--,2026-05-28
Jayden Hamilton,3B,SO,Merrimack,2026,--,2026-05-28
Ethan Puig,3B,SO,Appalachian State,2026,--,2026-05-28
Austin Phillips,3B,SO,UT Arlington,2026,--,2026-05-28
Tate Jones,P,SO,NJIT,2026,--,2026-05-28
McCall Biemiller,P,SO,Florida,2026,--,2026-05-28
Jamie Daly,CF,SO,Davidson,2026,--,2026-05-28
Andrew Bell,3B,SO,Duke,2026,--,2026-05-28
Nick Hamilton,P,SO,Mercyhurst,2026,--,2026-05-28
Cameron Carter,LF,SO,UTRGV,2026,--,2026-05-28
Tanner Crispin,P,FR,Incarnate Word,2026,--,2026-05-28
Coen Evrard,P,SO,Louisville,2026,--,2026-05-28
Nate Bergeron,P,SO,Stephen F. Austin,2026,--,2026-05-28
Logan Young,P,SO,Abilene Christian,2026,--,2026-05-28
Matt McDowell,P-IF,FR,Connecticut,2026,--,2026-05-28
Keegan Deihl,P,FR,Baylor,2026,--,2026-05-28
Sam Perry,P,FR,UMass,2026,--,2026-05-28
Randen May,DH,FR,UMass,2026,--,2026-05-28
Tate Jensen,P,FR,Appalachian State,2026,--,2026-05-28
Trent Lombardo,1B,FR,Evansville,2026,--,2026-05-28
Ben Prince,IF,FR,Maine,2026,--,2026-05-28
Ty Householder,CF,FR,Marshall,2026,--,2026-05-28
Johnny Nuanez,P,JR,Wichita State,2026,--,2026-05-28
Marland Jorgensen,P,JR,Wichita State,2026,--,2026-05-28
Blaize Ward,2B,FR,Missouri,2026,--,2026-05-28
Dario Romeo,LF,FR,North Florida,2026,--,2026-05-28
Brandon Menser,P,FR,Cincinnati,2026,--,2026-05-28
Kaden Schoenly,1B,FR,Louisville,2026,--,2026-05-28
Chase Porter,OF,FR,Louisville,2026,--,2026-05-28
Ryan Martinez,IF-UT,SR,Incarnate Word,2026,--,2026-05-28
Jude Abbadessa,P,JR,Tulane,2026,--,2026-05-28
Cole Wisenbaker,P,JR,Kansas State,2026,--,2026-05-28
Richie Kerstetter,P,JR,Central Connecticut,2026,--,2026-05-28
Matt Ilgenfritz,1B,JR,Gardner-Webb,2026,--,2026-05-28
Tanner Duke,P,JR,Kansas State,2026,--,2026-05-28
Dylan Marionneaux,P,JR,Northwestern State,2026,--,2026-05-28
Cooper Rasmussen,1B,JR,Florida International,2026,--,2026-05-28
AJ Martin,2B,SR,Louisville,2026,--,2026-05-28
Tanner Foertsch,P,SO,Omaha,2026,--,2026-05-28
Tanner Hosick,P,SO,Omaha,2026,--,2026-05-28
Griffin Harrison,SS,SR,UC Riverside,2026,--,2026-05-28
Andrew Jones,RF,SR,Eastern Michigan,2026,--,2026-05-28
Roan Tarbert,P,JR,Florida A&M,2026,--,2026-05-28
Carson McCaleb,C,JR,Toledo,2026,--,2026-05-27
Will Applegate,2B,JR,Utah Valley,2026,--,2026-05-27
Bradley Gilbert,P,SO,Utah Valley,2026,--,2026-05-27
Cohen Baack,P,FR,Utah Valley,2026,--,2026-05-27
Ian Choi,SS,SR,Butler,2026,--,2026-05-27
Colin Spear,DH,JR,Pacific,2026,--,2026-05-27
Will Perkowski,P,SO,Dayton,2026,--,2026-05-27
Cameron Sewell,2B,JR,Sacramento State,2026,--,2026-05-27
Ty Brooks,3B,JR,South Alabama,2026,--,2026-05-27
Antonio Cordeiro,C,JR,St. Bonaventure,2026,--,2026-05-27
Samuel Leonard,2B,JR,Hofstra,2026,--,2026-05-27
Gerardo Prado,OF,JR,Oklahoma,2026,--,2026-05-27
Daniel Pinkerton,CF,JR,McNeese,2026,--,2026-05-27
Jaden Bahl,P,JR,McNeese,2026,--,2026-05-27
Ryan Skwarek,2B,JR,Southern Indiana,2026,--,2026-05-27
Cooper Smith,IF,JR,Oklahoma,2026,--,2026-05-27
Gavin Dicks,P,JR,Jacksonville,2026,--,2026-05-27
Jeff Tiw,P,JR,Wagner,2026,--,2026-05-27
Joseph Barbarino,P,SO,Fairleigh Dickinson,2026,--,2026-05-27
Travis Stroh,CF,SO,Fairleigh Dickinson,2026,--,2026-05-27
Eli Stephens,RF,SO,Mercer,2026,--,2026-05-27
Bryan Matuschat,P,SO,Sacred Heart,2026,--,2026-05-27
Brendan Burke,C,SO,San Francisco,2026,--,2026-05-27
Dawson Park,SS,SO,Texas State,2026,--,2026-05-27
Zachary Gingrich,RF,SO,Texas State,2026,--,2026-05-27
Mason Russell,P,SO,Arizona,2026,--,2026-05-27
Manny Santos,P,SO,Rhode Island,2026,--,2026-05-27
Orlando Cobarrubias,DH,SO,Sacramento State,2026,--,2026-05-27
Baylor Sandberg,P,SO,Sacramento State,2026,--,2026-05-27
Michael Perazzo,SS,SO,Sacramento State,2026,--,2026-05-27
Jamie Laskofski,SS,SO,William & Mary,2026,--,2026-05-27
Jameson Martin,2B,SO,Minnesota,2026,--,2026-05-27
Josh Hoffmann,C,JR,New Orleans,2026,--,2026-05-27
Jason Bello,3B,SO,Dayton,2026,--,2026-05-27
Walker Robey,C,FR,Murray State,2026,--,2026-05-27
Keller Rivers,,JR,Alcorn State,2026,--,2026-05-27
Ridge Harvey,P,FR,Belmont,2026,--,2026-05-27
Mason LaBuda,P,FR,Dayton,2026,--,2026-05-27
Noah Canter,C,JR,Pacific,2026,--,2026-05-27
Nolan Payne,OF,FR,Villanova,2026,--,2026-05-27
JP Acosta,3B,JR,Western Kentucky,2026,--,2026-05-27
Carter Mitchell,P-IF,FR,William & Mary,2026,--,2026-05-27
Roman Meyers,C,SO,Arizona,2026,--,2026-05-27
Peyton Barsotti,C,FR,Saint Mary's (CA),2026,--,2026-05-27
Ethan Moore,IF,FR,Tennessee,2026,--,2026-05-27
Cooper Clouser,C,FR,Arizona State,2026,--,2026-05-27
Jaxsyn Durst,LF,FR,Arizona State,2026,--,2026-05-27
Josh Manganello,UT,FR,La Salle,2026,--,2026-05-27
Brendan McLoughlin,C,FR,Wagner,2026,--,2026-05-27
Alex Duffey,DH,SR,Kentucky,2026,--,2026-05-27
Aiden Stewart,2B,SR,Indiana,2026,--,2026-05-27
Dillon Can,1B,SR,NJIT,2026,--,2026-05-27
Cooper Romich,1B,JR,Le Moyne,2026,--,2026-05-27
Jack Cannon,RF,JR,Le Moyne,2026,--,2026-05-27
Caylon Dygert,1B,JR,UT Arlington,2026,--,2026-05-27
Evan Bottone,CF,JR,Marshall,2026,--,2026-05-27
Riley Marcotte,P,JR,New Orleans,2026,--,2026-05-27
Sebastian Gonzalez,P,JR,Hawaii,2026,--,2026-05-27
TJ Schuyler,C,JR,Indiana,2026,--,2026-05-27
Anthony Diaz,RF,JR,New Mexico,2026,--,2026-05-27
Drew Bugner,2B,SR,Wichita State,2026,--,2026-05-27
Gage Olsen,P,JR,Western Kentucky,2026,--,2026-05-27
Luke DeVasher,P,SR,Baylor,2026,--,2026-05-27
Cayden Baker,P,FR,Baylor,2026,--,2026-05-27
Landon Mensik,LF,SO,Xavier,2026,--,2026-05-27
Jake Neely,P,SO,Southern Miss,2026,--,2026-05-27
Colin Gibbs,3B,SO,Maryland,2026,--,2026-05-27
Ian White Jr.,P,SO,Indiana,2026,--,2026-05-27
Aidan Bardi,2B,SO,Maine,2026,--,2026-05-27
Noel Rivera,SS,SO,Marist,2026,--,2026-05-27
Luke Puffinbarger,P,FR,Oral Roberts,2026,--,2026-05-27
Isaac Hallam,P,SO,Seattle,2026,--,2026-05-27
PJ Green,P,SO,Missouri,2026,--,2026-05-27
Jack Grunkemeyer,P,SO,Northwestern,2026,--,2026-05-27
Cole Simoneaux,P,SO,Nicholls,2026,--,2026-05-27
Cian Copeland,DH,SO,Miami,2026,--,2026-05-27
Morgan Shanaman,P,JR,Mercyhurst,2026,--,2026-05-27
Ryan Tatar,P,FR,Connecticut,2026,--,2026-05-27
Cash McDade,DH,FR,Baylor,2026,--,2026-05-27
Jake Beauchaine,CF,JR,Seattle,2026,--,2026-05-27
Carter Walters,OF,FR,Marshall,2026,--,2026-05-27
Evan Rolbiecki,LF,JR,Hawaii,2026,--,2026-05-27
Elijah Bennett,IF,FR,Indiana,2026,--,2026-05-27
Bud Coombs,CF,FR,Maryland,2026,--,2026-05-27
Keagen Kohlhoff,P,FR,Missouri,2026,--,2026-05-27
Josh Litsky,P,FR,La Salle,2026,--,2026-05-27
Sergio DeCello,C,SR,Purdue,2026,--,2026-05-27
Nolan Straniero,P,SR,Arizona,2026,--,2026-05-27
Rocco Bernadina,P,SR,Kent State,2026,--,2026-05-27
Maddix Dalena,3B,JR,Connecticut,2026,--,2026-05-27
Logan Smothers,P,JR,Murray State,2026,--,2026-05-27
Titan Kamaka,SS,SR,Mercer,2026,--,2026-05-27
Jordan Kolenda,P,JR,Kent State,2026,--,2026-05-27
Ian Blazier,CF,SR,Saint Louis,2026,--,2026-05-27
Troy Sudbrook,3B,JR,Toledo,2026,--,2026-05-27
Garner Anderson,CF,JR,UT Martin,2026,--,2026-05-27
Bentley Yeatts,3B,SR,Longwood,2026,--,2026-05-27
Bryce Padilla,P,JR,Santa Clara,2026,--,2026-05-27
Riley Jackson,1B,JR,Houston,2026,--,2026-05-27
Cannon Peery,1B,JR,Grand Canyon,2026,--,2026-05-27
Landon Tiesing,IF,SO,Kent State,2026,--,2026-05-27
Ryan Hughes,P,JR,Toledo,2026,--,2026-05-27
Bryson Huwar,P,JR,Charleston Southern,2026,--,2026-05-27
Ryan Cole,P,SR,Charleston Southern,2026,--,2026-05-27
Landon Williams,UT,JR,Houston,2026,--,2026-05-27
Ethan Guerra,IF,SR,Arizona,2026,--,2026-05-27
Miguel Morales,C,SR,Texas Southern,2026,--,2026-05-27
Trey Freeman,RF,JR,Florida International,2026,--,2026-05-27
Sam Skarich,P,SR,UL Monroe,2026,--,2026-05-27
Gavyn Bowen,P,JR,UNLV,2026,--,2026-05-27
Aaron Ragat,P,JR,Bellarmine,2026,--,2026-05-27
Ethan Rowland,P,SR,Eastern Michigan,2026,--,2026-05-27
Hunter Elrod,UT,FR,Houston,2026,--,2026-05-27
Josh Mawhinney,P,FR,Utah Valley,2026,--,2026-05-26
Caleb Matthews,P,JR,Houston Christian,2026,--,2026-05-26
Zak Szabo,P,JR,North Dakota State,2026,--,2026-05-26
Nate Bartlett,P,JR,Ball State,2026,--,2026-05-26
Chyran Humphries,DH,JR,Youngstown State,2026,--,2026-05-26
Connor Hutchinson,P,JR,Ball State,2026,--,2026-05-26
Zach Kwasny,P,JR,Ball State,2026,--,2026-05-26
Aden Howard,CF,SO,San Diego,2026,--,2026-05-26
Jimmy Mantuano,LF,JR,Fairleigh Dickinson,2026,--,2026-05-26
Joseph Mennella,1B,JR,Wagner,2026,--,2026-05-26
Tristan Helmick,P,JR,Lafayette,2026,--,2026-05-26
Dawson Bryce,SS,JR,Charlotte,2026,--,2026-05-26
Zach Stevens,P,JR,South Alabama,2026,--,2026-05-26
Kendric Sorgius,RF,JR,Ball State,2026,--,2026-05-26
Addison Smith,2B,JR,Sam Houston State,2026,--,2026-05-26
Ledy Alvarez,2B,SR,Jackson State,2026,--,2026-05-26
Jace Gilligan,C,JR,Saint Peter's,2026,--,2026-05-26
Jonny Gilligan,P,JR,Saint Peter's,2026,--,2026-05-26
Dylan Mulcahy,P,JR,Stephen F. Austin,2026,--,2026-05-26
Taber Stokes,2B,JR,Ball State,2026,--,2026-05-26
Wilmer Cuevas,C,JR,Alabama A&M,2026,--,2026-05-26
Grayson Godbee,3B,JR,Western Kentucky,2026,--,2026-05-26
Brady Davidson,2B,JR,Ball State,2026,--,2026-05-26
Patrick Gardner,P,JR,Ball State,2026,--,2026-05-26
Samuel Curtis,P,JR,Central Arkansas,2026,--,2026-05-26
Manuel Castro,3B,JR,St. Bonaventure,2026,--,2026-05-26
Tyler Lejeune,OF,SR,USC Upstate,2026,--,2026-05-26
Preston Murphy,C,JR,Ball State,2026,--,2026-05-26
Bryce Habuda,2B,JR,Southern Illinois,2026,--,2026-05-26
Justin Szymanski,IF,JR,Northwestern State,2026,--,2026-05-26
Trevor Dosenbach,RF,SO,Richmond,2026,--,2026-05-26
Joey Giordano,P,SO,Richmond,2026,--,2026-05-26
Canon Chester,IF,SR,Houston Christian,2026,--,2026-05-26
Ray Jesse,C,JR,Indiana State,2026,--,2026-05-26
Matthew Cruz,P,SO,Rutgers,2026,--,2026-05-26
DJ Scheumann,C,SO,Ball State,2026,--,2026-05-26
Jacob Gillis,1B,JR,Ball State,2026,--,2026-05-26
Chase Chamberlain,P,SO,Bellarmine,2026,--,2026-05-26
Jake Miller,C,SO,Fairleigh Dickinson,2026,--,2026-05-26
Hunter Ray,RF,SO,Fairleigh Dickinson,2026,--,2026-05-26
Austin Ellis,C,SO,Northwestern State,2026,--,2026-05-26
Maverick Torres,P,SO,West Georgia,2026,--,2026-05-26
Brennen Barczai,C,SO,Coppin State,2026,--,2026-05-26
Blake McElyea,P,FR,James Madison,2026,--,2026-05-26
Jackson Halverson,P,SO,Sacramento State,2026,--,2026-05-26
Parker Winfield,LF,SR,Jackson State,2026,--,2026-05-26
Cade Baker,RF,JR,Toledo,2026,--,2026-05-26
Jayton Greer,DH,JR,San Diego,2026,--,2026-05-26
Jackson Miller,P,FR,Bowling Green,2026,--,2026-05-26
Jason Fultz Jr.,3B,FR,Clemson,2026,--,2026-05-26
Colin Lebel,P,FR,George Washington,2026,--,2026-05-26
Brad Marks,P,FR,George Washington,2026,--,2026-05-26
Trevor Hunter,P,JR,South Alabama,2026,--,2026-05-26
Ryan Lopetegui,RF,JR,Southeast Missouri,2026,--,2026-05-26
Micah Coleman,RF,JR,USC Upstate,2026,--,2026-05-26
Zack Serup,P,SO,Western Kentucky,2026,--,2026-05-26
Brek Benedict,P,FR,Northern Colorado,2026,--,2026-05-26
Joey Erace,2B,FR,Rutgers,2026,--,2026-05-26
Julius Rosado,2B,FR,Rutgers,2026,--,2026-05-26
Jager Nailor,IF,FR,Rutgers,2026,--,2026-05-26
Sam Rufenacht,P,FR,Toledo,2026,--,2026-05-26
Max Doninger,SS,FR,Saint Peter's,2026,--,2026-05-26
Dylan Immel,2B,JR,Wagner,2026,--,2026-05-26
Quinn Finnegan,P,FR,Wagner,2026,--,2026-05-26
Gehrig Wright,P,JR,UT Martin,2026,--,2026-05-26
Sebastian Edwards,P,JR,Central Arkansas,2026,--,2026-05-26
Landon Edwards,P,JR,Maryland,2026,--,2026-05-26
Payton Knowles,1B,JR,Seattle,2026,--,2026-05-26
Kaden Brown,DH,SO,Kennesaw State,2026,--,2026-05-26
Zane Starling,P,JR,North Florida,2026,--,2026-05-26
Mason Butash,P,JR,Penn State,2026,--,2026-05-26
Cameron Nielson,P,SO,Utah,2026,--,2026-05-26
Cameron Chee-Aloy,DH,JR,Illinois,2026,--,2026-05-26
Jordan Crosland,LF,SO,Maryland,2026,--,2026-05-26
Tobias Motley,RF,JR,Rice,2026,--,2026-05-26
Anthony Tirado,SS,SO,UMass,2026,--,2026-05-26
Anthony Umbach,2B,JR,Gardner-Webb,2026,--,2026-05-26
Tyler Kneller,P,SO,Albany,2026,--,2026-05-26
Ashton Graff-Rowe,SS,JR,Utah,2026,--,2026-05-26
Eddie Scaccia,P,JR,Eastern Illinois,2026,--,2026-05-26
Patrick Spencer Jr.,P,SO,Mississippi State,2026,--,2026-05-26
Liam Chamberlain,P,SR,Bryant,2026,--,2026-05-26
Jon Wylie,P,SO,Xavier,2026,--,2026-05-26
Landon Salvesen,P,JR,Utah,2026,--,2026-05-26
Alejandro Vazquez,2B,FR,Bryant,2026,--,2026-05-26
Gabriel Tirado,C,SO,Connecticut,2026,--,2026-05-26
Cayden Suchy,P,SO,Connecticut,2026,--,2026-05-26
Luke Landrus,DH,SO,Illinois,2026,--,2026-05-26
Nolan McKinstry,P,SO,Kennesaw State,2026,--,2026-05-26
Trevor Nikolis,P,SO,North Florida,2026,--,2026-05-26
Noah Hogan,CF,SO,Coppin State,2026,--,2026-05-26
Easton Jones,P,SO,Utah,2026,--,2026-05-26
Zakye Hawkins,2B,SO,Utah,2026,--,2026-05-26
Andrew Sliwkowski,P,SO,UMass,2026,--,2026-05-26
Blaine Albright,P,SO,Marshall,2026,--,2026-05-26
Nolan Roycraft,P,SO,Rice,2026,--,2026-05-26
Trey Dooley,P,FR,Rice,2026,--,2026-05-26
Hunter Bell,P,SO,Stonehill,2026,--,2026-05-26
Tanyon Weber,P,SO,Stonehill,2026,--,2026-05-26
Blaize Johnson,LF,SO,UNC Asheville,2026,--,2026-05-26
TJ Magliozzo,IF,FR,Central Connecticut,2026,--,2026-05-26
Patrick DeSarno,2B,FR,Albany,2026,--,2026-05-26
Vince Ferrell,OF,FR,Bryant,2026,--,2026-05-26
Spike Magill,C,FR,Evansville,2026,--,2026-05-26
Tyler Acevedo,SS,FR,Iona,2026,--,2026-05-26
Caleb Swart,P,FR,Maine,2026,--,2026-05-26
Matthew Paunove,P,FR,Merrimack,2026,--,2026-05-26
Connor Klock,C,FR,NJIT,2026,--,2026-05-26
Smith Washington IV,P,FR,NJIT,2026,--,2026-05-26
Cael Turner,P,FR,Oklahoma State,2026,--,2026-05-26
Camden Rodgers,P,FR,Southern Miss,2026,--,2026-05-26
Carter Harrington,P,FR,College of Charleston,2026,--,2026-05-26
Sean McCabe,P,FR,College of Charleston,2026,--,2026-05-26
Carson Bowman,UT,FR,La Salle,2026,--,2026-05-26
Sam Summerlin,UT,FR,Kennesaw State,2026,--,2026-05-26
Avery Shiflett,P,FR,Kennesaw State,2026,--,2026-05-26
Brendan Lysik,P,JR,Gardner-Webb,2026,--,2026-05-26
AC Cabrera,P,SR,San Francisco,2026,--,2026-05-26
Xavier Perez,RF,SO,Houston,2026,--,2026-05-26
Shane Keup,P,JR,Winthrop,2026,--,2026-05-26
Nick Tamburro,P,GR,Monmouth,2026,--,2026-05-26
Manoah Chapman,2B,JR,UC Riverside,2026,--,2026-05-26
Griffin Miller,P,JR,Marshall,2026,--,2026-05-26
Eli Curtis,P,SO,Memphis,2026,--,2026-05-26
Jack Wajda,P,JR,Murray State,2026,--,2026-05-26
Mikey Rocha,3B,SR,Southeast Missouri,2026,--,2026-05-26
Ari Kligman,P,JR,Sacramento State,2026,--,2026-05-26
Jack Becker,P,JR,UC Riverside,2026,--,2026-05-26
Tyler Bolyard,DH,FR,UC Riverside,2026,--,2026-05-26
Michael Whooley,SS,SR,Villanova,2026,--,2026-05-26
Lucas Greer,P,SO,Central Arkansas,2026,--,2026-05-26
Tom Bourque,P,JR,William & Mary,2026,--,2026-05-26
Trevor Geddes,P,SR,Xavier,2026,--,2026-05-26
Jai Jensen,P,SR,Southern Indiana,2026,--,2026-05-26
Boston Doeschot,DH,JR,Florida International,2026,--,2026-05-26
Caden Sammler,C,JR,Florida International,2026,--,2026-05-26
Jason DeMarco,P,JR,Fairleigh Dickinson,2026,--,2026-05-26
Yates Sikes,CF,SO,Western Carolina,2026,--,2026-05-25
Landon Akers,SS,FR,Bellarmine,2026,--,2026-05-25
Joey DiMotta,DH,JR,Fairleigh Dickinson,2026,--,2026-05-25
Alex Kean,1B,JR,Morehead State,2026,--,2026-05-25
Kiefer Tarnoki,CF,JR,Western Kentucky,2026,--,2026-05-25
Sean Griggs,3B,SO,Stetson,2026,--,2026-05-25
Johnathan Gomez,SS,SO,Fairleigh Dickinson,2026,--,2026-05-25
Trent Murphy,P,SO,Ball State,2026,--,2026-05-25
Matthew Diskin,P,FR,Stetson,2026,--,2026-05-25
Gavin Chillot,P,JR,Pittsburgh,2026,--,2026-05-25
PJ Rose,3B,SO,La Salle,2026,--,2026-05-25
Thomas Zwirecki,C,JR,Canisius,2026,--,2026-05-25
Anthony Chiappetta,C,JR,Fairleigh Dickinson,2026,--,2026-05-25
Luke Russo,LF,SO,Fairleigh Dickinson,2026,--,2026-05-25
Oliver Ward,P,SR,Bellarmine,2026,--,2026-05-25
Jaxton Andeel,P,SR,UC Irvine,2026,--,2026-05-25
Andrew Rondini,P,SO,Rutgers,2026,--,2026-05-24
Anthony Runfola,C,GR,Duke,2026,--,2026-05-24
Patrick Graham,2B,SR,BYU,2026,--,2026-05-24
Andrew Heffernan,P,JR,Bowling Green,2026,--,2026-05-23
Jaden Correa,SS,FR,Morehead State,2026,--,2026-05-23
Ian McCubbin,RF,JR,Morehead State,2026,--,2026-05-23
Aubrey Kearns,DH,SO,Morehead State,2026,--,2026-05-23
Caden Sheridan,C,SO,Morehead State,2026,--,2026-05-23
Cade Centracchio,2B,FR,Stetson,2026,--,2026-05-23
Jordan Marlo,IF,FR,West Georgia,2026,--,2026-05-23
Grayson Stroumpis,P,FR,West Georgia,2026,--,2026-05-23
Zach Lyles,P,JR,Western Kentucky,2026,--,2026-05-23
Steven Mazza,P,JR,Marist,2026,--,2026-05-23
Hayden Robbins,RF,JR,Western Kentucky,2026,--,2026-05-23
Jesse Gutierrez,P,SR,San Jose State,2026,--,2026-05-23
Will Taylor,P,JR,Marist,2026,--,2026-05-23
Todd Abraham,RF,JR,Binghamton,2026,--,2026-05-22
Mitchell Dean,P,JR,Ball State,2026,--,2026-05-22
Tyler Jones,3B,SO,George Washington,2026,--,2026-05-22
Will Howard,P,FR,Wofford,2026,--,2026-05-22
Mason Horwat,P,JR,Penn State,2026,--,2026-05-22
Kurt Kassner,P,JR,New Orleans,2026,--,2026-05-22
Mason Little,P,SO,UT Martin,2026,--,2026-05-22
Aidan Driscoll,DH,SO,Maryland,2026,--,2026-05-22
Jeff Lougee,RF,SO,Duke,2026,--,2026-05-22
Wil Gubba,C,FR,Marshall,2026,--,2026-05-22
Owen McKoon,CF,FR,UL Monroe,2026,--,2026-05-22
Noah Kubasky,P-IF,FR,UNLV,2026,--,2026-05-22
Enrique Sierra,P,JR,Florida International,2026,--,2026-05-22
Jackson Vanesko,P,GR,Bryant,2026,--,2026-05-22
Gavin Greger,CF,JR,Bryant,2026,--,2026-05-22
Jack Scheri,RF,SO,Stony Brook,2026,--,2026-05-22
Sam Garewal,P,SR,Stanford,2026,--,2026-05-22
Brendan Walker,P,JR,Stetson,2026,--,2026-05-22
Brandt Corley,P,JR,UL Monroe,2026,--,2026-05-22
James Layman,1B,SR,Wofford,2026,--,2026-05-22
Bennett Shealor,C,JR,Gardner-Webb,2026,--,2026-05-22
Landon White,P,SR,Bryant,2026,--,2026-05-22
Mike Savino,C,GR,Manhattan,2026,--,2026-05-22
Josh Torres,P,JR,UC Riverside,2026,--,2026-05-22
Jarren Sanderson,3B,JR,UC Riverside,2026,--,2026-05-22
Joshua Martinez,P,JR,UC Riverside,2026,--,2026-05-22
John Gray,P,SR,Wofford,2026,--,2026-05-22
Hunter Backstrom,DH,SO,UC Riverside,2026,--,2026-05-22
Keldrin Rodriguez,RF,JR,Towson,2026,--,2026-05-22
Estaban Sepulveda,C,SO,UC Riverside,2026,--,2026-05-22
Ty Walton,DH,SO,UC Riverside,2026,--,2026-05-22
Brent Godina,P,SO,UC Riverside,2026,--,2026-05-22
David Gibbs,RF,SO,UC Riverside,2026,--,2026-05-22
Isaiah Hernandez,LF,SO,UC Riverside,2026,--,2026-05-22
Lucas Bonham,3B,JR,UC Riverside,2026,--,2026-05-22
Ryan Higgins,P,JR,UC Riverside,2026,--,2026-05-22
Jayden Aviña,P,FR,UC Riverside,2026,--,2026-05-22
Niko Brini,CF,SR,Wofford,2026,--,2026-05-22
Pablo Santos,P,SR,Rutgers,2026,--,2026-05-22
Champ Davis,P,SR,Wofford,2026,--,2026-05-22
Logan Tribble,LF,SR,Wofford,2026,--,2026-05-22
Trey Deitelbaum,P,JR,Lafayette,2026,--,2026-05-21
Titus Lotz,P,SO,Bowling Green,2026,--,2026-05-21
Alex Barger,P,JR,St. Bonaventure,2026,--,2026-05-21
Christian Martinez,P,JR,Stony Brook,2026,--,2026-05-21
Michael Lane,P,JR,Delaware State,2026,--,2026-05-21
Kenan Harvey,3B,JR,Coppin State,2026,--,2026-05-21
Chase Wiese,IF,JR,Stony Brook,2026,--,2026-05-21
Max Mazinter,P,JR,Tulane,2026,--,2026-05-21
Aidyn Coffey,SS,JR,Stony Brook,2026,--,2026-05-21
Gabe Schneider,P,SO,Washington State,2026,--,2026-05-21
Brandon Newland,P,SO,Bellarmine,2026,--,2026-05-21
Brian Carrothers,1B,SO,St. Bonaventure,2026,--,2026-05-21
Josh Holst,P,FR,Air Force,2026,--,2026-05-21
Asher Friedman,SS,SO,Alcorn State,2026,--,2026-05-21
Tyler Boyesen,OF,FR,Stetson,2026,--,2026-05-21
Kenny Mapes,IF,FR,St. Bonaventure,2026,--,2026-05-21
Emilio Feliciano,SS,JR,Coppin State,2026,--,2026-05-21
Angel Garcia,1B,FR,Coppin State,2026,--,2026-05-21
Madden Ocko,3B,JR,Fordham,2026,--,2026-05-21
Reid Leonard,P,JR,New Orleans,2026,--,2026-05-21
Bryson Vawter,P,JR,Western Kentucky,2026,--,2026-05-21
Logan Waldschmidt,P,JR,New Orleans,2026,--,2026-05-21
Eddie Castillo,LF,JR,New Orleans,2026,--,2026-05-21
Paul Jones II,1B,SO,Maryland,2026,--,2026-05-21
Ethan Nardacci,P,SO,Albany,2026,--,2026-05-21
Logan Morris,1B,SO,Albany,2026,--,2026-05-21
Zach Nalawadi,P,FR,Albany,2026,--,2026-05-21
Luke Neiswonger,P,FR,Central Michigan,2026,--,2026-05-21
Lorenzo Camilleri,DH,FR,NJIT,2026,--,2026-05-21
Franklin Pichardo Jr.,C,FR,Maryland,2026,--,2026-05-21
Quincy Mazeke,OF,FR,Cincinnati,2026,--,2026-05-21
Carter Kocik,UT,JR,Mercyhurst,2026,--,2026-05-21
Zane Coppersmith,P,JR,Stetson,2026,--,2026-05-21
Jace Smith,P,SR,Grand Canyon,2026,--,2026-05-21
Davis Germann,LF,JR,Morehead State,2026,--,2026-05-21
Luke Calveric,P,JR,William & Mary,2026,--,2026-05-21
Jake Gorelick,P,JR,Stetson,2026,--,2026-05-21
Jeremy Sheffield,1B,SR,Georgetown,2026,--,2026-05-21
Josh Ramos,C,JR,Northwestern,2026,--,2026-05-21
Esteban Torres,P,SO,UMES,2026,--,2026-05-21
Sebastian Davila,IF-C,SO,UMES,2026,--,2026-05-21
Dominic Capperella,P,JR,Mount St. Mary's,2026,--,2026-05-21
Brayden Ryan,P,JR,Maryland,2026,--,2026-05-21
Tucker Biehl,SS,JR,Akron,2026,--,2026-05-21
Jarrett Flaggert,3B,JR,Texas A&M-Corpus Christi,2026,Oral Roberts,2026-05-20
Connor McCaslin,P,JR,UT Martin,2026,Harding,2026-05-20
Adam Wade,P,JR,Arkansas State,2026,--,2026-05-20
Evan Janner,LF,JR,UTRGV,2026,--,2026-05-20
Ricky Collazo,C,JR,Western Illinois,2026,--,2026-05-20
Omar Carreras,3B,JR,Wagner,2026,--,2026-05-20
Tyler Phillips,C,JR,Eastern Kentucky,2026,--,2026-05-20
Fano Cruz,1B,JR,West Georgia,2026,--,2026-05-20
Thrasher Steed,P,JR,Stetson,2026,--,2026-05-20
Matt Sgambati,P,SO,Stony Brook,2026,--,2026-05-20
Paul Dulanto,C,SO,Stony Brook,2026,--,2026-05-20
Jake Quinn,RF,FR,Minnesota,2026,--,2026-05-20
Conner Hilton,LF,JR,West Georgia,2026,--,2026-05-20
Jordan Powell,OF,FR,Eastern Kentucky,2026,--,2026-05-20
Isaiah Nolan,CF,FR,James Madison,2026,--,2026-05-20
Lathan Haywood,P,JR,Stetson,2026,--,2026-05-20
John Chalus,C,JR,Mercyhurst,2026,--,2026-05-20
Cameron Greene,3B,SO,UT Martin,2026,--,2026-05-20
Kevin Schnupp,DH,SO,UMass,2026,--,2026-05-20
Kyle McDermott,P,FR,Central Connecticut,2026,--,2026-05-20
Alex Pierce,P-IF,FR,Central Michigan,2026,--,2026-05-20
Case Gibbs,P,FR,Maryland,2026,--,2026-05-20
Patrick Ilitch,RF,GR,Villanova,2026,--,2026-05-20
Chase Armstrong,P,SR,Arkansas State,2026,--,2026-05-20
Jordan Kang,3B,SR,Harvard,2026,--,2026-05-20
Nate Voss,C,SR,Penn State,2026,--,2026-05-20
Luke Lyman,P,SR,West Virginia,2026,--,2026-05-20
Jack Porter,RF,JR,Penn State,2026,--,2026-05-20
Kade Huff,C,JR,Grand Canyon,2026,--,2026-05-20
Joe Stanzione,1B,JR,Gardner-Webb,2026,--,2026-05-20
Anthony Ehly,P,SR,Seton Hall,2026,--,2026-05-20
Fisher Ingersoll,CF,JR,Nicholls,2026,--,2026-05-20
Jett Ruby,DH,JR,Fresno State,2026,--,2026-05-20
Adam Guazzo,P,JR,Valparaiso,2026,--,2026-05-20
Thomas Cooper,3B,JR,Valparaiso,2026,--,2026-05-20
Aidan Rath,P,GR,Tulane,2026,--,2026-05-20
Nate Dudeck,P,JR,Central Connecticut,2026,--,2026-05-20
TJ Curley,P,JR,Stonehill,2026,--,2026-05-20
Grayson Childers,1B,JR,Queens (NC),2026,--,2026-05-20
Tommy Koch,C,JR,UT Martin,2026,--,2026-05-20
Karter Wong,RF,JR,Queens (NC),2026,--,2026-05-20
Joshua Caldwell,DH,SO,UMES,2026,--,2026-05-20
Pearson Pollard,P,SO,Texas A&M-Corpus Christi,2026,--,2026-05-20
Thomas Mathay,RF,JR,Queens (NC),2026,--,2026-05-20
Kyle Law,DH,JR,North Dakota State,2026,--,2026-05-19
Brady Baxter,P,JR,Alabama A&M,2026,--,2026-05-19
KJ Stanfield,DH,SR,Alabama A&M,2026,--,2026-05-19
Zamar Lewis,1B,JR,Alabama A&M,2026,--,2026-05-19
Marcelino Edison Alonso,LF,JR,Indiana State,2026,--,2026-05-19
Conner Williar,P,JR,Stony Brook,2026,--,2026-05-19
Charles Morris,1B,SO,Alabama A&M,2026,--,2026-05-19
Eric Lintelman,P,SO,Elon,2026,--,2026-05-19
Luke Bryant,P,SO,Ohio,2026,--,2026-05-19
Evan Kay,P,SO,Stony Brook,2026,--,2026-05-19
Jordan Welch,3B,SO,Stony Brook,2026,--,2026-05-19
Jaxon Pridgen,P,SO,Tennessee Tech,2026,--,2026-05-19
Edwin Sanchez Jr.,P,SO,Coppin State,2026,--,2026-05-19
William Barthel,IF,FR,Wagner,2026,--,2026-05-19
Ryan Brown,P,SO,La Salle,2026,--,2026-05-19
Nathan Ball,DH,JR,Central Michigan,2026,--,2026-05-19
Casey Proctor,P,JR,Central Connecticut,2026,--,2026-05-19
Caston Thompson,1B,JR,Nicholls,2026,--,2026-05-19
Landon Parker,C,SO,NJIT,2026,--,2026-05-19
Carter Casabella,P,SO,Tennessee Tech,2026,--,2026-05-19
Logan Keilen,C,FR,Central Michigan,2026,--,2026-05-19
Jacob Hines,P,SO,Central Connecticut,2026,--,2026-05-19
Nick Fox,DH,FR,Central Connecticut,2026,--,2026-05-19
Mason McCarroll,P,SO,Central Connecticut,2026,--,2026-05-19
Carson Lentini,2B,FR,Central Connecticut,2026,--,2026-05-19
Kash Wood,IF-OF,FR,Abilene Christian,2026,--,2026-05-19
Jake Lodgek,P,FR,Miami,2026,--,2026-05-19
Lonzo Drummond,P,FR,Miami,2026,--,2026-05-19
Ryan Lundari,P,FR,Siena,2026,--,2026-05-19
Nolan Jaworowski,IF,FR,Cincinnati,2026,--,2026-05-19
James Hare,P,FR,La Salle,2026,--,2026-05-19
Daisuke Miyama,3B,SO,William & Mary,2026,--,2026-05-19
Bryson Webb,3B,JR,Central Michigan,2026,--,2026-05-19
Ryan Taffe,P,JR,Siena,2026,--,2026-05-19
Joey Agar,C,SR,Mount St. Mary's,2026,--,2026-05-19
JB Manarchuck,P,SR,Mount St. Mary's,2026,--,2026-05-19
Jackson Snyder,P,SR,Mount St. Mary's,2026,--,2026-05-19
Kale Hopke,P,JR,Charleston Southern,2026,--,2026-05-19
Ryan Kruse,P,JR,Valparaiso,2026,--,2026-05-19
Brody Chrisman,RF,SO,Akron,2026,--,2026-05-19
Ben Cherico,P,SR,Saint Louis,2026,--,2026-05-19
Jake Bollin,C,SR,Villanova,2026,--,2026-05-19
John Downing,P,SR,Seton Hall,2026,--,2026-05-19
Anthony Gubitosi,P,SR,Indiana,2026,--,2026-05-19
Caden Capomaccio,P,SR,Minnesota,2026,--,2026-05-19
Antonio Ducatelli,LF,JR,Central Connecticut,2026,--,2026-05-19
Hunter Huneycutt,2B,SO,Queens (NC),2026,--,2026-05-19
Jake Young,P,SO,Queens (NC),2026,--,2026-05-19
Owen Arias,C,JR,Central Connecticut,2026,--,2026-05-19
Andre Roux,P,JR,Nicholls,2026,--,2026-05-19
Bryce Elias,LF,SR,Iona,2026,--,2026-05-19
Matt Graziose,1B,SO,Central Connecticut,2026,--,2026-05-19
Jaxon Keeling,OF,FR,Queens (NC),2026,--,2026-05-19
Mitchell Basterrechea,LF,SO,Queens (NC),2026,--,2026-05-19
Ryan Brown,UT,SO,Queens (NC),2026,Stetson,2026-05-18
Joey Ruller,P,JR,Queens (NC),2026,North Carolina,2026-05-18
Ellis Reid III,LF,JR,Saint Peter's,2026,--,2026-05-18
Drew Mattox,P,JR,Tennessee Tech,2026,--,2026-05-18
RJ Azarieh,RF,JR,Saint Peter's,2026,--,2026-05-18
Zaine Toneske,P,SO,Saint Peter's,2026,--,2026-05-18
Anthony Mancini,P,SO,Saint Peter's,2026,--,2026-05-18
Chase Womack,1B,JR,North Dakota State,2026,--,2026-05-18
Alex Angelidis,P,SO,Saint Peter's,2026,--,2026-05-18
Chris Billings,P,JR,North Dakota State,2026,--,2026-05-18
Aidan Forrest,1B,FR,Saint Peter's,2026,--,2026-05-18
Ian Huang,DH,SO,Saint Peter's,2026,--,2026-05-18
Wesley Harwell,P,SO,San Francisco,2026,--,2026-05-18
Bobby Lavely,1B,JR,Saint Peter's,2026,--,2026-05-18
Tyler Fallmann,P,FR,West Georgia,2026,--,2026-05-18
Steve Polizzi,C,FR,Saint Peter's,2026,--,2026-05-18
Linden Reaburn,P,SO,Saint Peter's,2026,--,2026-05-18
Max McCluskey,RF,FR,Saint Peter's,2026,--,2026-05-18
Joey Tonnotti,P,FR,Saint Peter's,2026,--,2026-05-18
Luca Bruno,P,FR,Saint Peter's,2026,--,2026-05-18
Dominick Inzilla,C,FR,Wagner,2026,--,2026-05-18
Jacob O'Day,P,JR,Western Kentucky,2026,--,2026-05-18
Mark Gajowski,P,SO,Albany,2026,--,2026-05-18
Brian Cadieux,P,FR,Albany,2026,--,2026-05-18
Stan Wiltz,UT,FR,New Orleans,2026,--,2026-05-18
Trey LaMay,P,FR,College of Charleston,2026,--,2026-05-18
Alex Manent,3B,SR,Saint Peter's,2026,--,2026-05-18
Jack Angus,P,JR,Eastern Michigan,2026,--,2026-05-18
Devin Russell,C,JR,Maryland,2026,--,2026-05-18
Matthew Suppa,C,JR,Queens (NC),2026,--,2026-05-18
Mike Poncini,P,SR,Quinnipiac,2026,--,2026-05-18
Leewood Molessa,DH,JR,Eastern Michigan,2026,--,2026-05-18
James Gladden,P,JR,Maryland,2026,--,2026-05-18
Devan Zirwas,LF,SR,Eastern Michigan,2026,--,2026-05-18
Charlie Rogan,1B,JR,George Washington,2026,--,2026-05-18
Cole Campbell,C,JR,NJIT,2026,--,2026-05-18
Michael Brunetti,C,SO,Queens (NC),2026,--,2026-05-18
Ashtin Gilio,DH,JR,Georgetown,2026,--,2026-05-18
Ashton Horchem,LF,SR,Bradley,2026,--,2026-05-18
Aiden Sites,P,JR,Towson,2026,--,2026-05-18
Nich Francuzenko,1B,SO,Towson,2026,--,2026-05-18
Jacob Heppner,P,JR,Utah Valley,2026,--,2026-05-18
Lenox Lively,DH,SO,Queens (NC),2026,--,2026-05-18
Gage Doss,DH,JR,Queens (NC),2026,--,2026-05-18
Owen MacDonnell,P,GR,La Salle,2026,--,2026-05-18
Aidan Lenzen,P,SR,Florida International,2026,--,2026-05-18
Kyle Neri,LF,JR,Rider,2026,--,2026-05-18
Carter DeGondea,P,JR,Georgia Southern,2026,--,2026-05-18
Christian Aiello,P,SR,Rider,2026,--,2026-05-18
Connor Misch,IF,SR,Xavier,2026,--,2026-05-18
Lukas Farris,IF-OF,JR,Georgia Southern,2026,--,2026-05-18
JT Gunzy,P,SR,Siena,2026,--,2026-05-18
Brady Nathison,RF,JR,Towson,2026,--,2026-05-18
Witt Scafidi,C,JR,William & Mary,2026,--,2026-05-18
Nick Worthington,P,JR,Rhode Island,2026,--,2026-05-17
Mason Phillips,P,SR,West Georgia,2026,--,2026-05-16
Logan Luckett,LF,JR,Western Kentucky,2026,--,2026-05-15
Kaine Samuels,P,FR,Western Kentucky,2026,--,2026-05-15
Lincoln Causero,P,FR,Xavier,2026,--,2026-05-15
JT Adams,P,JR,Creighton,2026,--,2026-05-14
Devin Kriley,P,FR,Alcorn State,2026,--,2026-05-14
Hunter VaDeer,P-OF,FR,Creighton,2026,--,2026-05-14
Ethan Hunt,P,JR,New Orleans,2026,--,2026-05-14
Luke Oblen,P,SO,Appalachian State,2026,--,2026-05-14
Jordan Bush,P,SO,Incarnate Word,2026,--,2026-05-14
Mac McGarry,P,FR,Western Kentucky,2026,--,2026-05-14
Gregory Quintana,P,FR,Lafayette,2026,--,2026-05-14
Shea Bailey,UT,FR,Mercyhurst,2026,--,2026-05-14
Aidan Paradine,C,SO,Siena,2026,--,2026-05-14
Bryce Gluckman,P,SO,Stetson,2026,--,2026-05-13
Eli Fleming,P,FR,Stetson,2026,--,2026-05-13
Rodney Whaley,P,JR,Western Kentucky,2026,--,2026-05-13
Josh Garcia,OF,FR,Incarnate Word,2026,--,2026-05-13
Jake Pineda,C,FR,Army,2026,--,2026-05-13
Kyle Boots,P,FR,Eastern Illinois,2026,--,2026-05-13
Barron Sawyer,P,SR,Purdue,2026,--,2026-05-13
Evan Zapp,LF,JR,Southern Indiana,2026,--,2026-05-13
Tyler Davis,P,JR,USC Upstate,2026,--,2026-05-12
Josiah Overbeek,DH,FR,Army,2026,--,2026-05-12
Evan McCarthy,IF,SR,Southern Indiana,2026,--,2026-05-11
Sebastian Torres,2B,SO,Indiana State,2026,--,2026-05-11
Fayz Baig,P,FR,Long Island,2026,--,2026-05-11
Skylar Graham,2B,JR,Southern Indiana,2026,--,2026-05-11
Michael Clemente,P,FR,Wofford,2026,--,2026-05-11
Dylan Bohlke,P,FR,Incarnate Word,2026,--,2026-05-11
JP Kuczik,C,SR,Fairfield,2026,--,2026-05-11
Nick Weiss,P,FR,Ohio,2026,--,2026-05-08
Lucas Edwards,LF,FR,Radford,2026,--,2026-05-08
Thomas Schnabel,LF,FR,Abilene Christian,2026,--,2026-05-08
Griffin Booth,C,FR,La Salle,2026,--,2026-05-08
Jorge Cartagena,LF,SR,Indiana State,2026,--,2026-05-08
Kevin Kell,P,SR,Fairfield,2026,--,2026-05-07
Hunter Komine,LF,JR,Seattle,2026,--,2026-05-07
Sebastian Lopez,2B,SR,Seattle,2026,--,2026-05-07
Grant Sawa,C,JR,Charleston Southern,2026,--,2026-05-06
Alex Walsh,P,JR,Florida International,2026,--,2026-05-06
Zachary Kourous,2B,SR,Mercyhurst,2026,--,2026-05-06
James Ellis,P,SR,Saint Peter's,2026,--,2026-05-06
Jaden Schmidt,P,FR,Albany,2026,--,2026-05-05
Lucas Hail,P,FR,Kentucky,2026,--,2026-05-05
Maxime Boies,IF,FR,Kentucky,2026,--,2026-05-05
Michael Gardner,IF,FR,Kentucky,2026,--,2026-05-05
Nelphie Lopez,2B,JR,Stetson,2026,--,2026-05-04
Nkosi Didder,P,SR,Jackson State,2026,--,2026-05-04
Cooper Harris,1B,JR,Alcorn State,2026,--,2026-05-04
TJ Schmalzle,CF,SR,Fairfield,2026,--,2026-05-04
Michael Politte,SS,SO,Memphis,2026,--,2026-04-30
Garret Plata,P,JR,Pacific,2026,--,2026-04-30
Foster Apple,LF,SO,Stetson,2026,--,2026-04-29
Niko Frizell,OF,SO,Mercyhurst,2026,--,2026-04-29
Mac Kimel,P,SR,High Point,2026,--,2026-04-29
Eli Bowery,P,SR,Presbyterian,2026,--,2026-04-29
Mason Tibbs,P,JR,Charleston Southern,2026,--,2026-04-29
Hadley Maxwell,P,SR,Bucknell,2026,--,2026-04-27
Joe Cilea,C,JR,Indiana,2026,--,2026-04-22
Ethan Hamill,P,SR,Cornell,2026,--,2026-04-22
Felix Schlede,P,SR,Sam Houston State,2026,--,2026-04-22
Max Lane,CF,SR,Harvard,2026,--,2026-04-21
Ethan Hott,CF,SR,Stanford,2026,--,2026-04-20
Kaden Fuller,P,SO,Western Carolina,2026,--,2026-04-20
Braden Consaul,P,GR,Florida International,2026,--,2026-04-17
Matthew Wright,CF,SR,Stony Brook,2026,--,2026-04-13
Mac Gillespie,RF,JR,UNC Wilmington,2026,--,2026-04-09
Dorsy Asencio,P,JR,Rhode Island,2026,--,2026-04-08
Ethan McHugh,P,SR,Cornell,2026,--,2026-04-06
Joshua Lopez,CF,SR,UMass Lowell,2026,--,2026-04-03
Jonathan Kim,LF,SR,Michigan,2026,--,2026-04-02
Brandon Metivier,P,SR,Bellarmine,2026,--,2026-04-01
Eddie Albert,P,SR,Dartmouth,2026,--,2026-04-01
Robbie Boykin,P,SR,Presbyterian,2026,--,2026-04-01
Ryan Henschel,CF,JR,Rhode Island,2026,--,2026-03-31
Charlie Chropuvka,DH,SR,Lafayette,2026,--,2026-03-25
Chase Meyer,P,JR,West Virginia,2026,--,2026-03-23
Daniel Tovar,P,SR,Northern Kentucky,2026,--,2026-03-22
Garrison Bullock,C,SR,Bucknell,2026,--,2026-03-18
Davis Baker,SS,SR,Penn,2026,North Carolina,2026-03-11
Aidan O'Keefe,3B,JR,Richmond,2026,--,2026-03-11
Kyle Mueller,P,SR,Presbyterian,2026,--,2026-03-04
Amman Dewberry,RF,JR,Presbyterian,2026,--,2026-03-04
Rob Dorn,P,SR,Lafayette,2026,--,2026-02-02
Brandon Larson,IF,SR,Stanford,2026,USC,2026-01-28
Mikey Myro,P,SR,Bucknell,2026,--,2026-01-20
James Reese,P,JR,Lafayette,2026,--,2026-01-06
Caden Pinnick,OF,FR,UC Davis,2026,Washington State,2026-01-02
Marc Willi,1B,JR,UMass,2026,--,2025-12-29
Antonio Correa,P,SR,Lafayette,2026,--,2025-12-23
Will Russotti,P,JR,Holy Cross,2025,--,2025-12-17
Max Senesac,C,SO,San Diego,2026,--,2025-12-16
Julian Scott,P,SO,Prairie View,2025,--,2025-12-15
Ed Hall,P,SR,Davidson,2026,--,2025-12-15
Sam Gettinger,DH,FR,Stonehill,2025,--,2025-12-15
Matthew Roncalli,C,SR,UAB,2026,--,2025-12-13
Michael Spasaccino,OF,FR,St. John's,2026,--,2025-12-12
Mikhai Grant,P,SO,Northwest Florida State,2026,--,2025-12-12
Cooper Fiskewold,P-OF,FR,Omaha,2026,--,2025-12-11
Owen Anchors,OF,FR,Clemson,2026,--,2025-12-11
Ahmar Donatto,IF,JR,Texas A&M Texarkana,2026,--,2025-12-11
Jaden Ovalles,P,FR,Saint Joseph's,2025,--,2025-12-10
Taye Robinson,RF,SO,Towson,2025,--,2025-12-09
Robert Lastra,P,SR,LSU Shreveport,2026,--,2025-12-09
Kolby Calia,P,JR,San Francisco,2025,Northwest Nazarene,2025-12-08
Jayden Clark,OF,SO,Savannah State,2026,--,2025-12-08
Andrew Holub,UT,JR,Iowa,2025,Jefferson,2025-12-05
Jaylon Richardson,P,FR,UMass,2025,Endicott,2025-12-05
Caden Baker,OF,SO,Rice,2026,Blinn,2025-12-05
Branden Barna,P,JR,UNC Asheville,2026,--,2025-12-05
Joey Hylinski,P,SO,Winthrop,2025,--,2025-12-05
Bobby McDonough,P,JR,UMass,2026,--,2025-12-05
Joshua Peterson,OF,FR,Southern Wesleyan,2026,--,2025-12-05
Legend Fugett,IF,SO,Prairie View,2025,--,2025-12-05
Louis Leon,IF,FR,Waubonsee,2025,--,2025-12-05
Matthew Peterson,IF,SO,Yavapai,2026,--,2025-12-05
Cannon Feazell,P,FR,Clemson,2026,--,2025-12-04
Anthony Wilkie,P,FR,Clemson,2026,--,2025-12-04
Ethan Hunt,P,FR,Houston,2026,--,2025-12-03
John Milewski,P,SO,Brandeis,2026,--,2025-12-03
Liam Willson,LF,SO,Maryland,2025,--,2025-12-03
Jonny Garber,C,JR,Arizona State,2025,--,2025-12-03
Spencer MacInnis,IF,SO,Richmond,2026,--,2025-12-03
Sawyer Wickstrom,P,FR,Utah Valley,2025,East Carolina,2025-12-02
Abe Delano,P,FR,Northern Kentucky,2026,--,2025-12-02
Jack Ghufran,P,FR,San Jose State,2025,--,2025-12-02
Josh Castellani,IF,SO,State College of Florida,2026,--,2025-12-02
James Fagnant,IF,FR,Richmond,2026,--,2025-12-02
Logan Ponnett,IF-C,FR,Charlotte,2025,--,2025-12-02
Myles Johnson,OF,FR,Eastern Kentucky,2026,--,2025-12-01
Preston Sullivan,P,FR,Houston,2026,Rice,2025-12-01
Greg Minnick,P,FR,Texas Tech,2026,Penn State,2025-12-01
Luke Renfrow,C,FR,Eastern Kentucky,2026,Kentucky Wesleyan,2025-12-01
Michael Gatti,P,JR,New Haven,2026,UNLV,2025-12-01
Ben Schild,P,SO,Connecticut,2026,Rowan,2025-12-01
Steele Burd,C,FR,Clemson,2026,Stetson,2025-12-01
Joey Zito,P,FR,Towson,2025,East Stroudsburg,2025-12-01
Brayden Gum,P,SO,Missouri State,2026,--,2025-12-01
Brayden Gum,P,SO,University of Indianapolis,2026,--,2025-12-01
Miles Durvasula,P,JR,Pacific (OR),2026,--,2025-12-01
TJ Addonizio,IF,FR,Richmond,2026,--,2025-12-01
John McCready,P,SO,UA Rich Mountain,2026,--,2025-12-01
Jack Reimann,IF,FR,St. Bonaventure,2025,--,2025-12-01
Branden Brown,P,JR,Frostburg State,2026,--,2025-12-01
William Mann,RF,JR,North Dakota State,2025,--,2025-12-01
Blane Zeplin,P,JR,Stephen F. Austin,2025,--,2025-12-01
Danny Cercello,P,FR,Houston,2026,--,2025-12-01
Aidan Crochier,DH,FR,Lafayette,2025,--,2025-12-01
Ivan Hoyt,P,JR,Davidson,2026,Tennessee Tech,2025-11-30
Jack LaRose,IF,FR,Connecticut,2026,--,2025-11-25
Ian Moore,P,JR,West Georgia,2025,--,2025-11-24
Thomas Iaquinto,IF-OF,JR,Felician,2026,--,2025-11-21
Zachary Zimmerman,1B,SO,Mercyhurst,2025,--,2025-11-20
Tucker DeLisle,P,SO,Northwest Florida State,2026,Saint Joseph's,2025-11-19
Jaxon Walker,OF,FR,Tennessee,2025,--,2025-11-17
Max Tramontana,P,JR,Appalachian State,2026,Purdue,2025-11-14
Brennon Seigler,OF,FR,Tennessee,2025,McLennan CC,2025-11-14
Ryson Ujimori,2B,SR,UC San Diego,2026,--,2025-11-14
Matt Zatopek,P,SO,Rice,2026,--,2025-11-12
Aric Berg,P,SR,Fordham,2026,--,2025-11-12
Jack Smith,P,SR,Harvard,2026,--,2025-11-06
Jake Paulick,C,JR,Northern Kentucky,2026,--,2025-11-05
Nick Bruno,P,SR,UNC Asheville,2026,--,2025-10-31
Alex Irizarry,SS,SR,Quinnipiac,2026,--,2025-10-29
Will Sword,P,SR,Princeton,2026,--,2025-10-21
Gio Colasante,1B,SR,Harvard,2026,--,2025-10-17
Mac Burke,P,SR,Dartmouth,2026,--,2025-10-15
Martin Zhang,P,SR,Columbia,2026,--,2025-10-13
Dylan Reid,P,SR,Brown,2026,--,2025-10-10
Ethan Firestein,P,SR,Bucknell,2026,--,2025-10-09
Ty Harris,P,SR,Brown,2026,--,2025-10-09
Henry Hultquist,P,JR,Davidson,2026,--,2025-10-06
Anthony Torreso,DH,JR,Davidson,2026,--,2025-10-06
Jared Muñoz,LF,SO,UMass,2026,--,2025-10-06
CJ Egrie,CF,SR,Holy Cross,2026,North Carolina,2025-10-03
Nathan Huy,P,JR,UC San Diego,2026,--,2025-10-03
Matt Brown,P,SR,USF,2025,Akron,2025-10-02
Andrew Ruggeri,OF,SR,Penn,2026,--,2025-10-02
Matthew Walters,OF,SR,Cornell,2026,--,2025-10-02
Peter Dubie,P,SR,Brown,2026,Indiana,2025-10-01
Jake Moss,P,SR,Penn,2026,North Carolina,2025-10-01
Itai Spinoza,P,JR,Elon,2025,--,2025-10-01
Stiles Begnaud,P,SR,Brown,2026,--,2025-10-01
Evan Kleinhans,P,SR,Columbia,2026,--,2025-10-01
Milo Suarez,1B,SR,Dartmouth,2026,--,2025-10-01
Taer Rodriguez,3B,SR,Dartmouth,2026,--,2025-10-01
Ryan Egan,P,SR,Fordham,2026,--,2025-10-01
John Cerwinski,P,SR,Penn,2026,--,2025-10-01
Carson Mayfield,P,SR,Cornell,2026,--,2025-10-01
Davis Hanson,1B,SR,Yale,2026,--,2025-10-01
Bode Grieve,RF,SR,Lafayette,2026,--,2025-10-01
Tucker Genovesi,LF,JR,St. Bonaventure,2025,--,2025-10-01
Isaiah Keller,LF,GR,McNeese,2026,--,2025-09-08
Taylor Kaufman,OF,SR,Hamilton,2026,Fordham,2025-08-29
Camden Farmer,P,GR,Texas A&M-Victoria,2026,--,2025-08-08
Tyler Gundelfinger,IF,JR,USC Beaufort,2026,--,2025-04-28
